,date,summary,temp,precip,precip_intensity,precip_type,wind,visibility
0,2012-03-25,Mostly Cloudy,58.18,0.0,0.0,,3.05,9.42
1,2012-03-26,Clear,46.53,0.0,0.0,,13.93,10.0
2,2012-03-27,Clear,46.92,0.0,0.0,,6.93,10.0
3,2012-03-28,Partly Cloudy,65.16,0.0,0.0,,5.92,10.0
4,2012-03-29,Clear,51.94,0.0,0.0,,7.73,10.0
5,2012-03-30,Clear,47.23,0.0,0.0,,3.57,10.0
6,2012-03-31,Overcast,48.4,0.0,0.0,,7.67,10.0
7,2012-04-01,Mostly Cloudy,55.98,0.11,0.0032,rain,3.05,9.48
8,2012-04-02,Clear,51.24,0.0,0.0,,3.82,10.0
9,2012-04-03,Partly Cloudy,56.52,0.0,0.0,,3.95,10.0
10,2012-04-04,Clear,64.05,0.0,0.0,,8.75,10.0
11,2012-04-05,Clear,49.77,0.0,0.0,,3.87,10.0
12,2012-04-06,Clear,52.43,0.0,0.0,,7.79,10.0
13,2012-04-07,Clear,56.18,0.0,0.0,,7.5,10.0
14,2012-04-08,Partly Cloudy,60.16,0.0,0.0,,10.6,10.0
15,2012-04-09,Mostly Cloudy,55.13,0.0,0.0,,12.21,10.0
16,2012-04-10,Clear,49.1,0.0,0.0,,13.55,10.0
17,2012-04-11,Partly Cloudy,45.13,0.0,0.0,,9.84,10.0
18,2012-04-12,Partly Cloudy,51.11,0.0,0.0,,6.5,10.0
19,2012-04-13,Clear,51.1,0.0,0.0,,2.54,10.0
20,2012-04-14,Mostly Cloudy,64.46,0.0,0.0,,5.87,10.0
21,2012-04-15,Partly Cloudy,73.19,0.0,0.0,,11.08,10.0
22,2012-04-16,Clear,75.95,0.0,0.0,,8.82,10.0
23,2012-04-17,Partly Cloudy,60.96,0.0,0.0,,7.17,10.0
24,2012-04-18,Overcast,52.15,0.06,0.0023,rain,1.65,8.03
25,2012-04-19,Clear,57.66,0.0,0.0,,4.18,9.96
26,2012-04-20,Clear,61.4,0.0,0.0,,5.97,10.0
27,2012-04-21,Mostly Cloudy,58.01,0.0,0.0,,8.23,9.96
28,2012-04-22,Light Rain,46.79,0.61,0.0206,rain,16.13,9.9
29,2012-04-23,Partly Cloudy,44.36,0.0,0.0,,7.08,10.0
30,2012-04-24,Partly Cloudy,52.3,0.0,0.0,,2.14,10.0
31,2012-04-25,Partly Cloudy,56.66,0.0,0.0,,1.72,10.0
32,2012-04-26,Partly Cloudy,60.81,0.16,0.0042,rain,3.6,9.04
33,2012-04-27,Clear,52.05,0.0,0.0,,7.14,10.0
34,2012-04-28,Overcast,48.31,0.14,0.0038,rain,2.39,9.27
35,2012-04-29,Partly Cloudy,54.83,0.0,0.0,,3.61,10.0
36,2012-04-30,Overcast,61.05,0.0,0.0,,7.12,10.0
37,2012-05-01,Clear,67.35,0.0,0.0,,1.04,9.66
38,2012-05-02,Overcast,59.09,0.0,0.0,,7.57,9.59
39,2012-05-03,Light Rain,68.57,0.58,0.0172,rain,0.65,9.01
40,2012-05-04,Partly Cloudy,68.5,0.0,0.0,,2.05,8.45
41,2012-05-05,Overcast,66.09,0.0,0.0,,7.65,9.69
42,2012-05-06,Mostly Cloudy,62.83,0.0,0.0,,6.77,10.0
43,2012-05-07,Overcast,63.43,0.0,0.0,,7.96,10.0
44,2012-05-08,Drizzle,68.61,0.47,0.0088,rain,8.2,9.64
45,2012-05-09,Light Rain,58.63,0.62,0.0225,rain,5.14,7.75
46,2012-05-10,Clear,56.47,0.0,0.0,,4.44,10.0
47,2012-05-11,Clear,61.37,0.0,0.0,,5.2,10.0
48,2012-05-12,Partly Cloudy,64.72,0.0,0.0,,3.57,10.0
49,2012-05-13,Partly Cloudy,70.15,0.0,0.0,,7.08,10.0
50,2012-05-14,Overcast,66.27,0.07,0.0024,rain,5.53,9.49
51,2012-05-15,Light Rain,67.54,0.54,0.0124,rain,5.14,10.0
52,2012-05-16,Clear,70.54,0.0,0.0,,4.65,9.04
53,2012-05-17,Clear,62.27,0.0,0.0,,4.55,10.0
54,2012-05-18,Partly Cloudy,61.98,0.0,0.0,,4.82,10.0
55,2012-05-19,Clear,67.12,0.0,0.0,,5.4,10.0
56,2012-05-20,Overcast,70.16,0.0,0.0,,10.2,8.56
57,2012-05-21,Mostly Cloudy,69.38,0.13,0.0036,rain,5.84,9.23
58,2012-05-22,Partly Cloudy,69.56,0.0,0.0,,2.88,9.41
59,2012-05-23,Drizzle,69.0,0.24,0.0055,rain,3.19,9.26
60,2012-05-24,Mostly Cloudy,72.77,0.0,0.0,,4.5,9.35
61,2012-05-25,Clear,73.96,0.0,0.0,,6.63,10.0
62,2012-05-26,Partly Cloudy,76.44,0.0,0.0,,8.31,10.0
63,2012-05-27,Light Rain,70.42,0.56,0.0142,rain,3.93,9.66
64,2012-05-28,Clear,79.83,0.0,0.0,,6.75,10.0
65,2012-05-29,Light Rain,71.3,0.72,0.0492,rain,0.31,9.48
66,2012-05-30,Clear,72.52,0.0,0.0,,3.64,9.56
67,2012-05-31,Clear,72.28,0.0,0.0,,5.66,10.0
68,2012-06-01,Light Rain,67.02,0.73,0.0532,rain,4.93,8.15
69,2012-06-02,Clear,64.68,0.0,0.0,,2.91,10.0
70,2012-06-03,Mostly Cloudy,67.75,0.0,0.0,,2.19,10.0
71,2012-06-04,Mostly Cloudy,65.93,0.09,0.0028,rain,9.28,10.0
72,2012-06-05,Partly Cloudy,62.01,0.0,0.0,,2.14,10.0
73,2012-06-06,Clear,62.77,0.0,0.0,,2.56,10.0
74,2012-06-07,Clear,65.67,0.0,0.0,,3.56,10.0
75,2012-06-08,Partly Cloudy,71.73,0.0,0.0,,4.77,10.0
76,2012-06-09,Clear,75.27,0.0,0.0,,5.3,10.0
77,2012-06-10,Clear,77.51,0.0,0.0,,4.5,10.0
78,2012-06-11,Mostly Cloudy,77.69,0.0,0.0,,7.51,10.0
79,2012-06-12,Light Rain,74.19,0.6,0.0192,rain,0.65,8.75
80,2012-06-13,Partly Cloudy,71.2,0.0,0.0,,8.56,10.0
81,2012-06-14,Mostly Cloudy,70.82,0.0,0.0,,5.29,10.0
82,2012-06-15,Clear,69.26,0.0,0.0,,7.62,10.0
83,2012-06-16,Partly Cloudy,68.67,0.0,0.0,,8.49,9.62
84,2012-06-17,Partly Cloudy,67.31,0.0,0.0,,5.85,9.59
85,2012-06-18,Overcast,69.48,0.0,0.0,,6.31,9.86
86,2012-06-19,Clear,78.4,0.0,0.0,,5.78,9.48
87,2012-06-20,Clear,81.85,0.0,0.0,,2.54,9.19
88,2012-06-21,Partly Cloudy,84.26,0.0,0.0,,2.74,8.52
89,2012-06-22,Partly Cloudy,74.25,0.01,0.001,rain,3.36,8.67
90,2012-06-23,Clear,76.19,0.0,0.0,,3.67,10.0
91,2012-06-24,Partly Cloudy,79.4,0.0,0.0,,3.13,9.96
92,2012-06-25,Clear,72.57,0.0,0.0,,11.94,10.0
93,2012-06-26,Clear,71.02,0.0,0.0,,5.09,9.62
94,2012-06-27,Partly Cloudy,75.27,0.0,0.0,,5.04,9.6
95,2012-06-28,Clear,80.85,0.0,0.0,,5.16,9.62
96,2012-06-29,Heavy Rain,80.55,0.88,0.3026,rain,6.53,6.25
97,2012-06-30,Clear,83.36,0.0,0.0,,3.34,10.0
98,2012-07-01,Partly Cloudy,85.92,0.0,0.0,,3.38,10.0
99,2012-07-02,Partly Cloudy,81.4,0.0,0.0,,3.28,10.0
100,2012-07-03,Drizzle,78.53,0.41,0.008,rain,5.88,10.0
101,2012-07-04,Partly Cloudy,86.81,0.0,0.0,,6.25,8.51
102,2012-07-05,Partly Cloudy,86.35,0.0,0.0,,2.29,9.7
103,2012-07-06,Clear,85.29,0.0,0.0,,3.99,9.96
104,2012-07-07,Partly Cloudy,90.18,0.0,0.0,,6.49,10.0
105,2012-07-08,Partly Cloudy,82.5,0.0,0.0,,1.5,9.64
106,2012-07-09,Partly Cloudy,78.34,0.0,0.0,,5.23,9.79
107,2012-07-10,Mostly Cloudy,73.64,0.0,0.0,,4.06,10.0
108,2012-07-11,Partly Cloudy,78.49,0.0,0.0,,7.74,10.0
109,2012-07-12,Partly Cloudy,78.53,0.0,0.0,,4.84,10.0
110,2012-07-13,Mostly Cloudy,79.71,0.0,0.0,,2.87,9.64
111,2012-07-14,Partly Cloudy,77.56,0.0,0.0,,4.98,9.78
112,2012-07-15,Partly Cloudy,79.43,0.0,0.0,,3.83,9.63
113,2012-07-16,Clear,82.65,0.0,0.0,,2.75,9.58
114,2012-07-17,Partly Cloudy,86.38,0.0,0.0,,7.1,10.0
115,2012-07-18,Partly Cloudy,81.15,0.0,0.0,,3.62,9.4
116,2012-07-19,Rain,75.72,0.8,0.0971,rain,6.67,7.86
117,2012-07-20,Drizzle,70.1,0.35,0.0071,rain,6.35,9.82
118,2012-07-21,Overcast,69.03,0.01,0.001,rain,3.16,9.32
119,2012-07-22,Partly Cloudy,76.69,0.0,0.0,,5.85,9.58
120,2012-07-23,Partly Cloudy,80.94,0.0,0.0,,4.93,9.42
121,2012-07-24,Partly Cloudy,79.77,0.0,0.0,,9.42,9.95
122,2012-07-25,Clear,75.96,0.0,0.0,,6.33,10.0
123,2012-07-26,Light Rain,80.92,0.69,0.0388,rain,9.46,9.66
124,2012-07-27,Partly Cloudy,82.35,0.0,0.0,,4.2,9.66
125,2012-07-28,Partly Cloudy,74.94,0.0,0.0,,0.91,10.0
126,2012-07-29,Clear,77.35,0.0,0.0,,3.99,9.25
127,2012-07-30,Partly Cloudy,77.36,0.0,0.0,,6.43,10.0
128,2012-07-31,Partly Cloudy,76.44,0.0,0.0,,6.83,9.8
129,2012-08-01,Partly Cloudy,78.22,0.0,0.0,,3.7,9.7
130,2012-08-02,Clear,80.92,0.0,0.0,,6.17,8.92
131,2012-08-03,Partly Cloudy,82.24,0.0,0.0,,7.01,9.8
132,2012-08-04,Clear,84.16,0.0,0.0,,10.1,10.0
133,2012-08-05,Mostly Cloudy,78.7,0.02,0.0012,rain,2.59,9.59
134,2012-08-06,Partly Cloudy,79.36,0.0,0.0,,4.46,9.55
135,2012-08-07,Partly Cloudy,78.99,0.0,0.0,,3.09,9.63
136,2012-08-08,Clear,79.59,0.0,0.0,,3.79,9.63
137,2012-08-09,Partly Cloudy,76.13,0.2,0.0049,rain,3.58,9.86
138,2012-08-10,Partly Cloudy,80.28,0.0,0.0,,9.37,10.0
139,2012-08-11,Light Rain,74.9,0.53,0.0121,rain,4.98,9.18
140,2012-08-12,Partly Cloudy,75.73,0.0,0.0,,2.75,9.96
141,2012-08-13,Partly Cloudy,78.42,0.0,0.0,,8.54,10.0
142,2012-08-14,Mostly Cloudy,79.54,0.0,0.0,,2.32,9.95
143,2012-08-15,Clear,75.68,0.0,0.0,,4.86,8.66
144,2012-08-16,Clear,77.76,0.0,0.0,,5.32,9.62
145,2012-08-17,Light Rain,74.1,0.53,0.0115,rain,5.38,9.33
146,2012-08-18,Partly Cloudy,72.74,0.0,0.0,,4.45,10.0
147,2012-08-19,Drizzle,69.23,0.46,0.0088,rain,2.88,9.54
148,2012-08-20,Mostly Cloudy,67.86,0.0,0.0,,2.99,8.72
149,2012-08-21,Clear,70.74,0.0,0.0,,2.87,9.08
150,2012-08-22,Partly Cloudy,71.76,0.0,0.0,,3.64,8.55
151,2012-08-23,Partly Cloudy,75.5,0.0,0.0,,4.83,9.66
152,2012-08-24,Mostly Cloudy,76.22,0.0,0.0,,2.83,9.8
153,2012-08-25,Mostly Cloudy,71.45,0.0,0.0,,7.72,10.0
154,2012-08-26,Partly Cloudy,70.74,0.0,0.0,,3.13,9.59
155,2012-08-27,Clear,77.87,0.0,0.0,,6.68,9.8
156,2012-08-28,Clear,74.42,0.0,0.0,,3.48,9.48
157,2012-08-29,Clear,73.02,0.0,0.0,,2.51,9.8
158,2012-08-30,Clear,76.9,0.0,0.0,,1.71,9.43
159,2012-08-31,Clear,81.97,0.0,0.0,,4.48,9.66
160,2012-09-01,Light Rain,75.47,0.69,0.0387,rain,2.12,9.18
161,2012-09-02,Light Rain,76.45,0.66,0.0299,rain,3.37,7.91
162,2012-09-03,Mostly Cloudy,77.96,0.0,0.0,,5.37,9.82
163,2012-09-04,Mostly Cloudy,81.16,0.0,0.0,,9.29,9.9
164,2012-09-05,Partly Cloudy,78.36,0.0,0.0,,1.5,9.81
165,2012-09-06,Clear,73.16,0.0,0.0,,5.59,9.66
166,2012-09-07,Clear,76.91,0.0,0.0,,8.45,10.0
167,2012-09-08,Partly Cloudy,67.64,0.0,0.0,,9.45,9.8
168,2012-09-09,Clear,66.92,0.0,0.0,,7.85,10.0
169,2012-09-10,Clear,62.44,0.0,0.0,,5.33,10.0
170,2012-09-11,Clear,63.51,0.0,0.0,,2.5,10.0
171,2012-09-12,Clear,65.69,0.0,0.0,,2.81,10.0
172,2012-09-13,Clear,66.9,0.0,0.0,,3.31,10.0
173,2012-09-14,Clear,70.13,0.0,0.0,,6.39,10.0
174,2012-09-15,Partly Cloudy,63.87,0.0,0.0,,1.86,10.0
175,2012-09-16,Clear,63.73,0.0,0.0,,1.7,10.0
176,2012-09-17,Overcast,70.23,0.03,0.0016,rain,7.64,9.51
177,2012-09-18,Overcast,68.2,0.06,0.0022,rain,5.81,9.74
178,2012-09-19,Clear,59.24,0.0,0.0,,3.39,10.0
179,2012-09-20,Partly Cloudy,63.3,0.0,0.0,,5.13,10.0
180,2012-09-21,Clear,68.41,0.0,0.0,,8.02,9.8
181,2012-09-22,Partly Cloudy,70.99,0.0,0.0,,7.73,9.66
182,2012-09-23,Mostly Cloudy,58.55,0.0,0.0,,2.78,10.0
183,2012-09-24,Clear,57.52,0.0,0.0,,6.86,10.0
184,2012-09-25,Partly Cloudy,67.86,0.0,0.0,,9.33,10.0
185,2012-09-26,Light Rain,72.96,0.58,0.0172,rain,8.58,7.81
186,2012-09-27,Rain,69.39,0.81,0.1102,rain,4.36,5.8
187,2012-09-28,Mostly Cloudy,66.27,0.03,0.0014,rain,6.67,8.81
188,2012-09-29,Partly Cloudy,58.72,0.0,0.0,,4.93,10.0
189,2012-09-30,Partly Cloudy,57.59,0.0,0.0,,1.17,8.82
190,2012-10-01,Overcast,63.84,0.0,0.0,,2.67,9.65
191,2012-10-02,Foggy,69.8,0.0,0.0,,2.74,1.35
192,2012-10-03,Partly Cloudy,73.34,0.0,0.0,,0.64,9.58
193,2012-10-04,Clear,67.26,0.0,0.0,,3.75,8.52
194,2012-10-05,Clear,67.1,0.0,0.0,,7.47,9.48
195,2012-10-06,Clear,55.37,0.0,0.0,,5.16,10.0
196,2012-10-07,Partly Cloudy,48.73,0.0,0.0,,3.82,5.88
197,2012-10-08,Overcast,50.16,0.0,0.0,,7.06,10.0
198,2012-10-09,Overcast,57.24,0.0,0.0,,2.36,9.37
199,2012-10-10,Clear,57.43,0.0,0.0,,11.95,10.0
200,2012-10-11,Clear,50.58,0.0,0.0,,4.0,10.0
201,2012-10-12,Clear,49.04,0.0,0.0,,8.51,10.0
202,2012-10-13,Clear,51.05,0.0,0.0,,8.82,10.0
203,2012-10-14,Partly Cloudy,66.13,0.0,0.0,,13.04,10.0
204,2012-10-15,Partly Cloudy,58.43,0.0,0.0,,9.42,9.59
205,2012-10-16,Clear,49.8,0.0,0.0,,2.32,9.49
206,2012-10-17,Clear,57.03,0.0,0.0,,7.68,9.66
207,2012-10-18,Mostly Cloudy,64.27,0.0,0.0,,5.54,9.78
208,2012-10-19,Clear,59.8,0.0,0.0,,4.63,9.1
209,2012-10-20,Partly Cloudy,54.32,0.0,0.0,,4.45,10.0
210,2012-10-21,Clear,51.66,0.0,0.0,,4.92,10.0
211,2012-10-22,Clear,56.23,0.0,0.0,,3.97,10.0
212,2012-10-23,Partly Cloudy,63.76,0.0,0.0,,4.25,10.0
213,2012-10-24,Mostly Cloudy,66.98,0.0,0.0,,3.77,9.95
214,2012-10-25,Overcast,62.67,0.0,0.0,,4.14,6.93
215,2012-10-26,Partly Cloudy,62.51,0.0,0.0,,3.13,9.64
216,2012-10-27,Partly Cloudy,61.72,0.0,0.0,,6.49,10.0
217,2012-10-28,Light Rain,54.46,0.65,0.0281,rain,11.51,8.49
218,2012-10-29,Heavy Rain and Windy,47.18,0.88,0.3116,rain,30.36,4.93
219,2012-10-30,Mostly Cloudy,42.22,0.0,0.0,,5.25,9.76
220,2012-10-31,Partly Cloudy,48.32,0.0,0.0,,5.31,10.0
221,2012-11-01,Mostly Cloudy,47.68,0.0,0.0,,5.73,10.0
222,2012-11-02,Mostly Cloudy,47.09,0.0,0.0,,11.04,10.0
223,2012-11-03,Mostly Cloudy,44.04,0.0,0.0,,6.17,10.0
224,2012-11-04,Partly Cloudy,41.18,0.0,0.0,,7.7,10.0
225,2012-11-05,Clear,37.16,0.0,0.0,,3.95,9.94
226,2012-11-06,Mostly Cloudy,41.23,0.0,0.0,,5.87,10.0
227,2012-11-07,Light Rain,40.92,0.53,0.0119,rain,8.37,10.0
228,2012-11-08,Clear,45.96,0.0,0.0,,11.09,10.0
229,2012-11-09,Clear,43.06,0.0,0.0,,2.45,10.0
230,2012-11-10,Clear,46.57,0.0,0.0,,3.91,10.0
231,2012-11-11,Clear,52.86,0.0,0.0,,7.2,10.0
232,2012-11-12,Drizzle,62.02,0.34,0.007,rain,8.0,9.66
233,2012-11-13,Clear,39.22,0.0,0.0,,8.75,10.0
234,2012-11-14,Partly Cloudy,36.78,0.0,0.0,,5.78,10.0
235,2012-11-15,Partly Cloudy,42.57,0.0,0.0,,4.15,10.0
236,2012-11-16,Clear,42.04,0.0,0.0,,6.52,10.0
237,2012-11-17,Partly Cloudy,41.6,0.0,0.0,,3.18,10.0
238,2012-11-18,Mostly Cloudy,47.71,0.0,0.0,,6.99,10.0
239,2012-11-19,Partly Cloudy,45.83,0.0,0.0,,3.73,9.92
240,2012-11-20,Partly Cloudy,43.13,0.0,0.0,,4.57,8.65
241,2012-11-21,Clear,40.91,0.0,0.0,,1.81,10.0
242,2012-11-22,Clear,40.04,0.0,0.0,,1.8,10.0
243,2012-11-23,Clear,52.14,0.0,0.0,,16.44,10.0
244,2012-11-24,Partly Cloudy,36.53,0.0,0.0,,10.74,10.0
245,2012-11-25,Clear,33.35,0.0,0.0,,0.5,10.0
246,2012-11-26,Mostly Cloudy,42.69,0.0,0.0,,3.9,10.0
247,2012-11-27,Mostly Cloudy,37.9,0.0,0.0,,7.22,9.34
248,2012-11-28,Clear,37.05,0.0,0.0,,2.5,10.0
249,2012-11-29,Clear,37.23,0.0,0.0,,5.61,10.0
250,2012-11-30,Mostly Cloudy,39.16,0.0,0.0,,3.07,10.0
251,2012-12-01,Partly Cloudy,39.81,0.0,0.0,,2.08,3.31
252,2012-12-02,Overcast,54.07,0.0,0.0,,3.94,9.59
253,2012-12-03,Partly Cloudy,53.9,0.0,0.0,,2.77,9.56
254,2012-12-04,Mostly Cloudy,59.3,0.0,0.0,,7.75,10.0
255,2012-12-05,Clear,41.36,0.0,0.0,,10.34,10.0
256,2012-12-06,Partly Cloudy,36.01,0.0,0.0,,4.35,10.0
257,2012-12-07,Drizzle,47.89,0.31,0.0065,rain,1.2,8.08
258,2012-12-08,Mostly Cloudy,50.8,0.02,0.0011,rain,1.84,4.92
259,2012-12-09,Foggy,48.02,0.0,0.0,,1.91,0.65
260,2012-12-10,Mostly Cloudy,58.58,0.0,0.0,,6.8,10.0
261,2012-12-11,Mostly Cloudy,41.77,0.0,0.0,,7.08,10.0
262,2012-12-12,Partly Cloudy,39.91,0.0,0.0,,5.14,10.0
263,2012-12-13,Clear,35.31,0.0,0.0,,2.72,10.0
264,2012-12-14,Partly Cloudy,38.8,0.0,0.0,,1.62,10.0
265,2012-12-15,Overcast,46.75,0.0,0.0,,5.09,9.9
266,2012-12-16,Overcast,48.11,0.0,0.0,,2.04,6.74
267,2012-12-17,Light Rain,52.69,0.51,0.0105,rain,5.58,4.42
268,2012-12-18,Clear,43.7,0.0,0.0,,5.29,10.0
269,2012-12-19,Clear,43.59,0.0,0.0,,3.54,10.0
270,2012-12-20,Rain,49.24,0.8,0.0989,rain,12.5,4.79
271,2012-12-21,Mostly Cloudy,39.08,0.0,0.0,,14.79,10.0
272,2012-12-22,Clear,34.71,0.0,0.0,,8.87,10.0
273,2012-12-23,Clear,34.84,0.0,0.0,,1.13,10.0
274,2012-12-24,Foggy,36.76,0.0,0.0,,3.29,1.42
275,2012-12-25,Overcast,40.35,0.0,0.0,,5.76,9.94
276,2012-12-26,Overcast,39.31,0.09,0.0029,rain,11.45,4.69
277,2012-12-27,Mostly Cloudy,37.42,0.0,0.0,,10.22,10.0
278,2012-12-28,Partly Cloudy,36.43,0.0,0.0,,3.23,10.0
279,2012-12-29,Overcast,39.22,0.0,0.0,,10.85,10.0
280,2012-12-30,Partly Cloudy,38.81,0.0,0.0,,4.77,10.0
281,2012-12-31,Mostly Cloudy,40.06,0.0,0.0,,6.94,10.0
282,2013-01-01,Mostly Cloudy,35.3,0.0,0.0,,6.11,10.0
283,2013-01-02,Partly Cloudy,30.66,0.0,0.0,,4.77,10.0
284,2013-01-03,Clear,30.24,0.0,0.0,,3.09,10.0
285,2013-01-04,Clear,36.28,0.0,0.0,,9.98,10.0
286,2013-01-05,Mostly Cloudy,38.51,0.0,0.0,,7.92,9.71
287,2013-01-06,Overcast,45.59,0.0,0.0,,5.6,10.0
288,2013-01-07,Clear,31.41,0.0,0.0,,0.8,9.59
289,2013-01-08,Clear,36.28,0.0,0.0,,2.65,9.52
290,2013-01-09,Partly Cloudy,47.6,0.0,0.0,,5.24,9.4
291,2013-01-10,Partly Cloudy,42.91,0.0,0.0,,2.71,10.0
292,2013-01-11,Overcast,43.2,0.0,0.0,,1.06,2.36
293,2013-01-12,Foggy,43.68,0.0,0.0,,4.01,1.5
294,2013-01-13,Foggy,50.61,0.02,0.0013,rain,5.43,0.95
295,2013-01-14,Light Rain,42.88,0.65,0.0269,rain,9.47,9.43
296,2013-01-15,Light Rain,36.64,0.72,0.0476,rain,7.88,3.45
297,2013-01-16,Overcast,41.99,0.03,0.0016,rain,2.4,8.23
298,2013-01-17,Mostly Cloudy,39.76,0.0,0.0,,7.15,9.94
299,2013-01-18,Clear,32.27,0.0,0.0,,10.16,10.0
300,2013-01-19,Clear,44.67,0.0,0.0,,10.43,10.0
301,2013-01-20,Partly Cloudy,38.71,0.0,0.0,,6.21,10.0
302,2013-01-21,Clear,32.61,0.0,0.0,,14.62,10.0
303,2013-01-22,Partly Cloudy,19.03,0.0,0.0,,10.99,10.0
304,2013-01-23,Overcast,24.47,0.0,0.0,,3.72,9.26
305,2013-01-24,Clear,20.66,0.0,0.0,,5.18,10.0
306,2013-01-25,Overcast,23.05,0.0,0.0,,4.21,10.0
307,2013-01-26,Partly Cloudy,28.67,0.0,0.0,,5.16,9.14
308,2013-01-27,Partly Cloudy,30.87,0.0,0.0,,5.17,9.66
309,2013-01-28,Partly Cloudy,42.78,0.0,0.0,,6.42,7.13
310,2013-01-29,Partly Cloudy,51.74,0.0,0.0,,7.34,8.93
311,2013-01-30,Rain,56.57,0.84,0.1588,rain,6.88,6.49
312,2013-01-31,Partly Cloudy,32.17,0.0,0.0,,5.72,10.0
313,2013-02-01,Clear,21.66,0.0,0.0,,11.1,10.0
314,2013-02-02,Overcast,29.87,0.0,0.0,,5.37,10.0
315,2013-02-03,Mostly Cloudy,33.29,0.0,0.0,,13.79,9.61
316,2013-02-04,Mostly Cloudy,35.86,0.0,0.0,,3.04,10.0
317,2013-02-05,Overcast,35.01,0.0,0.0,,2.06,9.37
318,2013-02-06,Clear,33.32,0.0,0.0,,3.36,9.94
319,2013-02-07,Overcast,36.75,0.0,0.0,,7.17,10.0
320,2013-02-08,Light Rain and Breezy,37.28,0.68,0.0345,rain,20.34,10.0
321,2013-02-09,Clear,32.01,0.0,0.0,,5.88,10.0
322,2013-02-10,Partly Cloudy,38.39,0.0,0.0,,6.02,10.0
323,2013-02-11,Clear,50.36,0.0,0.0,,6.53,8.05
324,2013-02-12,Partly Cloudy,41.76,0.0,0.0,,4.01,10.0
325,2013-02-13,Drizzle,35.75,0.42,0.0082,rain,6.14,5.05
326,2013-02-14,Clear,37.09,0.0,0.0,,5.3,9.71
327,2013-02-15,Light Rain,37.08,0.66,0.0296,rain,2.38,9.21
328,2013-02-16,Mostly Cloudy,34.04,0.0,0.0,,13.55,10.0
329,2013-02-17,Partly Cloudy,26.12,0.0,0.0,,14.54,10.0
330,2013-02-18,Partly Cloudy,36.24,0.0,0.0,,8.06,10.0
331,2013-02-19,Clear,40.82,0.0,0.0,,8.54,10.0
332,2013-02-20,Clear,27.11,0.0,0.0,,12.78,10.0
333,2013-02-21,Partly Cloudy,31.77,0.0,0.0,,6.05,10.0
334,2013-02-22,Overcast,33.44,0.0,0.0,,2.01,5.85
335,2013-02-23,Overcast,44.56,0.0,0.0,,5.93,6.41
336,2013-02-24,Clear,34.98,0.0,0.0,,10.17,10.0
337,2013-02-25,Clear,34.9,0.0,0.0,,2.48,9.94
338,2013-02-26,Light Rain,44.98,0.63,0.024,rain,5.57,5.79
339,2013-02-27,Mostly Cloudy,43.57,0.0,0.0,,3.79,10.0
340,2013-02-28,Overcast,42.55,0.0,0.0,,8.05,10.0
341,2013-03-01,Mostly Cloudy,38.13,0.0,0.0,,11.33,10.0
342,2013-03-02,Partly Cloudy,32.01,0.0,0.0,,9.06,10.0
343,2013-03-03,Partly Cloudy,32.87,0.0,0.0,,11.17,10.0
344,2013-03-04,Clear,34.67,0.0,0.0,,4.59,10.0
345,2013-03-05,Overcast,39.45,0.02,0.0013,rain,7.92,9.07
346,2013-03-06,Partly Cloudy,39.78,0.0,0.0,,10.16,10.0
347,2013-03-07,Clear,40.57,0.0,0.0,,8.29,10.0
348,2013-03-08,Clear,44.14,0.0,0.0,,8.89,10.0
349,2013-03-09,Clear,40.73,0.0,0.0,,2.25,10.0
350,2013-03-10,Clear,40.73,0.0,0.0,,2.25,10.0
351,2013-03-11,Mostly Cloudy,56.67,0.0,0.0,,11.6,10.0
352,2013-03-12,Clear,44.62,0.0,0.0,,10.33,10.0
353,2013-03-13,Partly Cloudy,37.52,0.0,0.0,,15.07,10.0
354,2013-03-14,Clear,38.86,0.0,0.0,,5.69,10.0
355,2013-03-15,Clear,47.54,0.0,0.0,,3.66,10.0
356,2013-03-16,Mostly Cloudy,41.9,0.0,0.0,,6.55,9.23
357,2013-03-17,Mostly Cloudy,39.04,0.0,0.0,,3.77,9.93
358,2013-03-18,Overcast,38.18,0.01,0.0009,rain,4.08,7.83
359,2013-03-19,Clear,48.05,0.0,0.0,,16.23,10.0
360,2013-03-20,Partly Cloudy,46.53,0.0,0.0,,10.36,10.0
361,2013-03-21,Clear,30.86,0.0,0.0,,8.67,10.0
362,2013-03-22,Clear,37.83,0.0,0.0,,3.79,10.0
363,2013-03-23,Partly Cloudy,44.09,0.0,0.0,,8.71,10.0
364,2013-03-24,Overcast,35.35,0.0,0.0,,4.18,5.52
365,2013-03-25,Mostly Cloudy,36.11,0.0,0.0,,5.27,7.42
366,2013-03-26,Mostly Cloudy,45.55,0.0,0.0,,9.66,10.0
367,2013-03-27,Partly Cloudy,42.64,0.0,0.0,,8.89,10.0
368,2013-03-28,Mostly Cloudy,44.1,0.0,0.0,,7.55,10.0
369,2013-03-29,Partly Cloudy,43.61,0.0,0.0,,0.78,10.0
370,2013-03-30,Clear,46.79,0.0,0.0,,4.45,10.0
371,2013-03-31,Mostly Cloudy,50.01,0.0,0.0,,3.59,8.29
372,2013-04-01,Clear,44.05,0.0,0.0,,6.67,10.0
373,2013-04-02,Clear,41.31,0.0,0.0,,7.71,10.0
374,2013-04-03,Clear,38.36,0.0,0.0,,8.77,10.0
375,2013-04-04,Light Rain,40.0,0.58,0.0162,rain,6.24,9.22
376,2013-04-05,Clear,54.23,0.0,0.0,,10.32,10.0
377,2013-04-06,Partly Cloudy,46.52,0.0,0.0,,8.77,10.0
378,2013-04-07,Partly Cloudy,60.48,0.0,0.0,,9.04,10.0
379,2013-04-08,Partly Cloudy,66.61,0.0,0.0,,9.64,10.0
380,2013-04-09,Clear,70.45,0.0,0.0,,7.5,10.0
381,2013-04-10,Partly Cloudy,76.27,0.0,0.0,,7.94,10.0
382,2013-04-11,Mostly Cloudy,57.72,0.0,0.0,,9.48,9.25
383,2013-04-12,Mostly Cloudy,59.2,0.01,0.0009,rain,8.24,7.41
384,2013-04-13,Clear,55.31,0.0,0.0,,4.53,10.0
385,2013-04-14,Partly Cloudy,58.37,0.0,0.0,,5.69,10.0
386,2013-04-15,Overcast,58.13,0.0,0.0,,4.06,10.0
387,2013-04-16,Clear,65.1,0.0,0.0,,6.79,10.0
388,2013-04-17,Mostly Cloudy,63.09,0.0,0.0,,5.04,9.86
389,2013-04-18,Clear,66.67,0.0,0.0,,9.97,10.0
390,2013-04-19,Rain,55.26,0.86,0.2101,rain,9.75,5.64
391,2013-04-20,Clear,51.33,0.0,0.0,,10.0,10.0
392,2013-04-21,Partly Cloudy,46.68,0.0,0.0,,5.84,10.0
393,2013-04-22,Mostly Cloudy,50.06,0.0,0.0,,7.65,10.0
394,2013-04-23,Clear,50.82,0.0,0.0,,2.32,10.0
395,2013-04-24,Partly Cloudy,69.58,0.0,0.0,,11.49,10.0
396,2013-04-25,Mostly Cloudy,53.04,0.0,0.0,,4.58,10.0
397,2013-04-26,Partly Cloudy,55.02,0.0,0.0,,2.89,10.0
398,2013-04-27,Partly Cloudy,56.42,0.0,0.0,,5.73,10.0
399,2013-04-28,Overcast,58.51,0.0,0.0,,7.46,10.0
400,2013-04-29,Overcast,55.89,0.0,0.0,,5.14,8.38
401,2013-04-30,Mostly Cloudy,56.71,0.0,0.0,,3.99,8.57
402,2013-05-01,Clear,55.25,0.0,0.0,,5.46,10.0
403,2013-05-02,Partly Cloudy,56.03,0.0,0.0,,3.1,10.0
404,2013-05-03,Clear,50.16,0.0,0.0,,4.25,10.0
405,2013-05-04,Partly Cloudy,53.21,0.0,0.0,,4.81,10.0
406,2013-05-05,Clear,52.87,0.0,0.0,,5.05,10.0
407,2013-05-06,Overcast,59.61,0.0,0.0,,7.61,7.4
408,2013-05-07,Light Rain,61.69,0.6,0.0198,rain,7.32,8.47
409,2013-05-08,Mostly Cloudy,57.76,0.0,0.0,,1.82,7.26
410,2013-05-09,Clear,62.61,0.0,0.0,,2.8,8.73
411,2013-05-10,Rain,65.66,0.85,0.1764,rain,4.01,6.34
412,2013-05-11,Drizzle,64.55,0.3,0.0064,rain,2.08,9.14
413,2013-05-12,Clear,54.56,0.0,0.0,,5.91,10.0
414,2013-05-13,Clear,48.93,0.0,0.0,,5.91,10.0
415,2013-05-14,Mostly Cloudy,58.19,0.0,0.0,,5.24,10.0
416,2013-05-15,Partly Cloudy,73.58,0.0,0.0,,3.5,10.0
417,2013-05-16,Partly Cloudy,73.09,0.0,0.0,,8.33,10.0
418,2013-05-17,Partly Cloudy,68.38,0.0,0.0,,4.54,10.0
419,2013-05-18,Overcast,60.48,0.0,0.0,,4.67,8.8
420,2013-05-19,Mostly Cloudy,68.78,0.0,0.0,,3.5,8.59
421,2013-05-20,Partly Cloudy,71.23,0.0,0.0,,5.28,9.73
422,2013-05-21,Clear,73.27,0.0,0.0,,3.14,9.16
423,2013-05-22,Mostly Cloudy,74.16,0.02,0.0013,rain,5.94,9.71
424,2013-05-23,Rain,66.85,0.74,0.0597,rain,6.57,5.7
425,2013-05-24,Partly Cloudy,52.09,0.0,0.0,,15.19,10.0
426,2013-05-25,Clear,58.21,0.0,0.0,,7.01,10.0
427,2013-05-26,Clear,59.44,0.0,0.0,,3.46,10.0
428,2013-05-27,Partly Cloudy,62.78,0.0,0.0,,4.73,10.0
429,2013-05-28,Partly Cloudy,68.68,0.0,0.0,,5.71,8.21
430,2013-05-29,Partly Cloudy,77.12,0.0,0.0,,6.62,10.0
431,2013-05-30,Clear,75.32,0.0,0.0,,5.13,9.84
432,2013-05-31,Clear,78.37,0.0,0.0,,7.09,10.0
433,2013-06-01,Clear,80.82,0.0,0.0,,9.26,10.0
434,2013-06-02,Light Rain,73.19,0.66,0.0301,rain,8.21,9.84
435,2013-06-03,Mostly Cloudy,72.75,0.0,0.0,,9.9,9.76
436,2013-06-04,Clear,65.57,0.0,0.0,,2.5,10.0
437,2013-06-05,Clear,68.78,0.0,0.0,,8.34,10.0
438,2013-06-06,Light Rain,66.89,0.66,0.0288,rain,4.77,7.5
439,2013-06-07,Drizzle,68.05,0.33,0.0069,rain,13.36,9.28
440,2013-06-08,Partly Cloudy,70.99,0.0,0.0,,2.55,9.0
441,2013-06-09,Mostly Cloudy,73.18,0.0,0.0,,3.7,9.92
442,2013-06-10,Light Rain,70.85,0.52,0.0109,rain,6.67,10.0
443,2013-06-11,Partly Cloudy,74.89,0.0,0.0,,4.91,9.84
444,2013-06-12,Partly Cloudy,78.48,0.0,0.0,,1.44,9.66
445,2013-06-13,Clear,70.83,0.0,0.0,,11.74,10.0
446,2013-06-14,Clear,69.43,0.0,0.0,,5.5,10.0
447,2013-06-15,Clear,69.44,0.0,0.0,,2.36,9.84
448,2013-06-16,Partly Cloudy,77.6,0.0,0.0,,2.42,9.89
449,2013-06-17,Partly Cloudy,76.97,0.0,0.0,,5.03,9.77
450,2013-06-18,Partly Cloudy,67.01,0.02,0.0013,rain,4.35,7.07
451,2013-06-19,Clear,67.75,0.0,0.0,,1.08,10.0
452,2013-06-20,Partly Cloudy,68.6,0.0,0.0,,6.4,10.0
453,2013-06-21,Clear,70.57,0.0,0.0,,6.57,9.79
454,2013-06-22,Clear,75.14,0.0,0.0,,9.64,10.0
455,2013-06-23,Clear,76.93,0.0,0.0,,4.43,9.22
456,2013-06-24,Clear,73.83,0.0,0.0,,3.14,9.69
457,2013-06-25,Drizzle,78.7,0.28,0.0061,rain,8.33,9.0
458,2013-06-26,Light Rain,76.18,0.53,0.0122,rain,5.88,9.55
459,2013-06-27,Light Rain,75.48,0.53,0.0114,rain,5.88,9.86
460,2013-06-28,Partly Cloudy,72.65,0.01,0.0009,rain,4.92,7.88
461,2013-06-29,Clear,78.96,0.0,0.0,,6.6,9.37
462,2013-06-30,Partly Cloudy,79.3,0.0,0.0,,5.48,9.62
463,2013-07-01,Mostly Cloudy,77.68,0.0,0.0,,10.37,9.79
464,2013-07-02,Partly Cloudy,75.01,0.0,0.0,,7.09,10.0
465,2013-07-03,Partly Cloudy,76.95,0.0,0.0,,6.95,9.73
466,2013-07-04,Clear,79.91,0.0,0.0,,7.57,10.0
467,2013-07-05,Partly Cloudy,80.57,0.0,0.0,,5.91,10.0
468,2013-07-06,Clear,81.4,0.0,0.0,,6.9,10.0
469,2013-07-07,Partly Cloudy,73.67,0.0,0.0,,2.59,10.0
470,2013-07-08,Clear,78.59,0.0,0.0,,5.49,9.73
471,2013-07-09,Partly Cloudy,80.5,0.06,0.0022,rain,6.85,9.09
472,2013-07-10,Light Rain,75.61,0.59,0.0178,rain,6.65,10.0
473,2013-07-11,Rain,77.19,0.75,0.0615,rain,2.92,9.64
474,2013-07-12,Mostly Cloudy,72.89,0.0,0.0,,5.68,10.0
475,2013-07-13,Partly Cloudy,76.22,0.0,0.0,,2.98,8.63
476,2013-07-14,Clear,79.33,0.0,0.0,,6.49,9.82
477,2013-07-15,Clear,83.41,0.0,0.0,,3.49,9.37
478,2013-07-16,Clear,81.18,0.0,0.0,,3.58,9.43
479,2013-07-17,Clear,82.18,0.0,0.0,,2.79,8.98
480,2013-07-18,Clear,85.16,0.0,0.0,,4.11,8.71
481,2013-07-19,Partly Cloudy,85.46,0.0,0.0,,6.69,9.85
482,2013-07-20,Partly Cloudy,83.6,0.02,0.0011,rain,5.0,9.71
483,2013-07-21,Partly Cloudy,78.67,0.0,0.0,,4.26,9.62
484,2013-07-22,Light Rain,80.3,0.68,0.0353,rain,6.7,9.47
485,2013-07-23,Partly Cloudy,79.1,0.0,0.0,,3.49,9.81
486,2013-07-24,Clear,76.2,0.0,0.0,,8.26,10.0
487,2013-07-25,Clear,70.59,0.0,0.0,,4.47,10.0
488,2013-07-26,Partly Cloudy,73.22,0.0,0.0,,7.04,10.0
489,2013-07-27,Drizzle,73.97,0.26,0.0058,rain,6.17,8.29
490,2013-07-28,Clear,74.02,0.1,0.0031,rain,2.64,9.61
491,2013-07-29,Clear,71.64,0.0,0.0,,4.31,10.0
492,2013-07-30,Partly Cloudy,72.39,0.0,0.0,,2.54,9.59
493,2013-07-31,Overcast,72.43,0.0,0.0,,7.45,8.98
494,2013-08-01,Clear,74.13,0.0,0.0,,2.65,9.45
495,2013-08-02,Partly Cloudy,75.11,0.0,0.0,,3.71,9.73
496,2013-08-03,Mostly Cloudy,69.91,0.0,0.0,,3.11,8.05
497,2013-08-04,Clear,68.04,0.0,0.0,,3.29,10.0
498,2013-08-05,Partly Cloudy,71.16,0.0,0.0,,3.58,10.0
499,2013-08-06,Overcast,70.6,0.0,0.0,,5.97,9.73
500,2013-08-07,Overcast,78.38,0.1,0.003,rain,8.98,9.94
501,2013-08-08,Partly Cloudy,78.82,0.0,0.0,,7.9,9.51
502,2013-08-09,Partly Cloudy,80.94,0.0,0.0,,4.73,9.62
503,2013-08-10,Clear,73.68,0.0,0.0,,4.8,9.7
504,2013-08-11,Partly Cloudy,75.71,0.0,0.0,,4.55,9.73
505,2013-08-12,Partly Cloudy,78.66,0.0,0.0,,4.99,8.24
506,2013-08-13,Light Rain,72.53,0.63,0.0243,rain,3.07,7.93
507,2013-08-14,Clear,65.32,0.0,0.0,,6.65,10.0
508,2013-08-15,Clear,64.48,0.0,0.0,,6.07,10.0
509,2013-08-16,Clear,66.93,0.0,0.0,,1.35,10.0
510,2013-08-17,Mostly Cloudy,72.63,0.0,0.0,,4.97,10.0
511,2013-08-18,Partly Cloudy,67.4,0.0,0.0,,3.86,9.35
512,2013-08-19,Partly Cloudy,70.49,0.0,0.0,,4.13,9.73
513,2013-08-20,Partly Cloudy,75.47,0.0,0.0,,3.93,9.19
514,2013-08-21,Light Rain,75.91,0.59,0.0176,rain,2.58,8.62
515,2013-08-22,Clear,78.46,0.0,0.0,,5.16,9.71
516,2013-08-23,Clear,66.54,0.0,0.0,,3.21,8.66
517,2013-08-24,Clear,69.78,0.0,0.0,,4.15,10.0
518,2013-08-25,Clear,68.17,0.0,0.0,,4.39,10.0
519,2013-08-26,Partly Cloudy,77.08,0.0,0.0,,4.46,10.0
520,2013-08-27,Partly Cloudy,79.54,0.0,0.0,,2.83,8.4
521,2013-08-28,Mostly Cloudy,74.13,0.0,0.0,,1.45,5.34
522,2013-08-29,Clear,74.21,0.0,0.0,,5.23,9.16
523,2013-08-30,Clear,76.42,0.0,0.0,,6.61,9.77
524,2013-08-31,Clear,78.7,0.0,0.0,,5.45,9.84
525,2013-09-01,Partly Cloudy,80.86,0.0,0.0,,2.0,9.69
526,2013-09-02,Clear,79.7,0.0,0.0,,5.36,9.53
527,2013-09-03,Clear,72.86,0.0,0.0,,8.24,10.0
528,2013-09-04,Clear,70.51,0.0,0.0,,3.81,10.0
529,2013-09-05,Clear,71.25,0.0,0.0,,7.0,10.0
530,2013-09-06,Clear,64.62,0.0,0.0,,1.51,10.0
531,2013-09-07,Partly Cloudy,70.71,0.0,0.0,,5.84,9.93
532,2013-09-08,Clear,74.97,0.0,0.0,,7.5,10.0
533,2013-09-09,Mostly Cloudy,73.99,0.0,0.0,,7.64,9.47
534,2013-09-10,Clear,79.79,0.0,0.0,,5.46,9.04
535,2013-09-11,Clear,80.22,0.0,0.0,,6.49,9.69
536,2013-09-12,Overcast,72.68,0.0,0.0,,5.26,7.38
537,2013-09-13,Clear,64.97,0.0,0.0,,11.11,10.0
538,2013-09-14,Clear,58.65,0.0,0.0,,2.26,10.0
539,2013-09-15,Partly Cloudy,66.45,0.0,0.0,,4.6,10.0
540,2013-09-16,Clear,63.24,0.0,0.0,,3.79,9.85
541,2013-09-17,Clear,55.76,0.0,0.0,,3.66,10.0
542,2013-09-18,Partly Cloudy,60.29,0.0,0.0,,5.97,9.26
543,2013-09-19,Clear,64.18,0.0,0.0,,5.16,10.0
544,2013-09-20,Partly Cloudy,67.25,0.0,0.0,,7.73,10.0
545,2013-09-21,Rain,64.77,0.77,0.0722,rain,5.83,8.52
546,2013-09-22,Clear,61.15,0.0,0.0,,6.76,10.0
547,2013-09-23,Clear,54.22,0.0,0.0,,3.9,9.18
548,2013-09-24,Clear,56.46,0.0,0.0,,2.24,10.0
549,2013-09-25,Partly Cloudy,60.42,0.0,0.0,,1.17,9.77
550,2013-09-26,Clear,60.74,0.0,0.0,,2.42,10.0
551,2013-09-27,Clear,61.56,0.0,0.0,,6.49,10.0
552,2013-09-28,Clear,60.9,0.0,0.0,,2.73,9.71
553,2013-09-29,Partly Cloudy,60.94,0.0,0.0,,2.35,10.0
554,2013-09-30,Clear,61.41,0.0,0.0,,3.93,10.0
555,2013-10-01,Clear,66.32,0.0,0.0,,2.36,9.75
556,2013-10-02,Clear,69.07,0.0,0.0,,4.01,9.84
557,2013-10-03,Partly Cloudy,70.23,0.0,0.0,,2.48,8.25
558,2013-10-04,Clear,71.3,0.0,0.0,,2.74,9.55
559,2013-10-05,Clear,73.31,0.0,0.0,,3.28,8.89
560,2013-10-06,Clear,74.28,0.0,0.0,,10.47,10.0
561,2013-10-07,Partly Cloudy,59.08,0.0,0.0,,9.6,10.0
562,2013-10-08,Partly Cloudy,58.43,0.0,0.0,,4.2,10.0
563,2013-10-09,Light Rain,56.09,0.62,0.022,rain,9.01,9.59
564,2013-10-10,Light Rain,57.68,0.53,0.012,rain,8.68,5.61
565,2013-10-11,Light Rain,63.2,0.67,0.0314,rain,9.14,7.57
566,2013-10-12,Light Rain,61.92,0.63,0.0242,rain,6.81,6.42
567,2013-10-13,Partly Cloudy,59.08,0.0,0.0,,3.4,9.82
568,2013-10-14,Clear,57.6,0.0,0.0,,1.79,9.19
569,2013-10-15,Overcast,61.62,0.0,0.0,,4.63,8.29
570,2013-10-16,Partly Cloudy,63.62,0.0,0.0,,3.87,9.59
571,2013-10-17,Mostly Cloudy,66.27,0.19,0.0046,rain,7.92,10.0
572,2013-10-18,Clear,53.61,0.0,0.0,,7.0,9.34
573,2013-10-19,Clear,58.76,0.0,0.0,,3.59,9.01
574,2013-10-20,Clear,49.32,0.0,0.0,,3.01,10.0
575,2013-10-21,Partly Cloudy,55.45,0.0,0.0,,8.49,10.0
576,2013-10-22,Overcast,54.42,0.0,0.0,,5.57,10.0
577,2013-10-23,Clear,46.89,0.0,0.0,,8.02,10.0
578,2013-10-24,Clear,42.49,0.0,0.0,,6.37,10.0
579,2013-10-25,Clear,43.19,0.0,0.0,,6.08,10.0
580,2013-10-26,Overcast,52.95,0.0,0.0,,8.35,10.0
581,2013-10-27,Clear,45.67,0.0,0.0,,0.99,10.0
582,2013-10-28,Partly Cloudy,47.63,0.0,0.0,,3.56,9.79
583,2013-10-29,Partly Cloudy,52.68,0.0,0.0,,1.17,10.0
584,2013-10-30,Clear,54.87,0.0,0.0,,1.16,4.76
585,2013-10-31,Partly Cloudy,66.03,0.0,0.0,,12.32,9.94
586,2013-11-01,Clear,60.21,0.0,0.0,,1.77,7.41
587,2013-11-02,Clear,53.1,0.0,0.0,,7.2,10.0
588,2013-11-03,Clear,45.01,0.0,0.0,,7.49,10.0
589,2013-11-04,Clear,40.2,0.0,0.0,,4.27,10.0
590,2013-11-05,Clear,53.59,0.0,0.0,,2.33,10.0
591,2013-11-06,Clear,55.93,0.0,0.0,,5.37,9.84
592,2013-11-07,Clear,47.45,0.02,0.0013,rain,17.63,10.0
593,2013-11-08,Clear,38.7,0.0,0.0,,3.67,10.0
594,2013-11-09,Clear,48.1,0.0,0.0,,5.71,10.0
595,2013-11-10,Clear,45.22,0.0,0.0,,6.01,10.0
596,2013-11-11,Clear,52.34,0.0,0.0,,11.02,10.0
597,2013-11-12,Clear,34.33,0.0,0.0,,7.41,10.0
598,2013-11-13,Clear,34.91,0.0,0.0,,2.47,10.0
599,2013-11-14,Clear,38.39,0.0,0.0,,2.98,10.0
600,2013-11-15,Light Rain,47.75,0.53,0.0115,rain,1.91,8.55
601,2013-11-16,Clear,51.58,0.0,0.0,,3.87,2.3
602,2013-11-17,Clear,59.4,0.17,0.0044,rain,9.75,9.24
603,2013-11-18,Clear,52.74,0.0,0.0,,12.49,10.0
604,2013-11-19,Clear,40.21,0.0,0.0,,7.53,10.0
605,2013-11-20,Clear,36.01,0.0,0.0,,2.91,10.0
606,2013-11-21,Clear,45.43,0.0,0.0,,3.0,10.0
607,2013-11-22,Clear,59.49,0.0,0.0,,8.26,9.94
608,2013-11-23,Clear,34.79,0.0,0.0,,13.94,10.0
609,2013-11-24,Clear,26.01,0.0,0.0,,7.1,10.0
610,2013-11-25,Clear,35.26,0.0,0.0,,7.85,10.0
611,2013-11-26,Rain,44.23,0.85,0.1955,rain,8.24,2.84
612,2013-11-27,Clear,31.37,0.0,0.0,,14.38,10.0
613,2013-11-28,Clear,32.99,0.0,0.0,,2.54,10.0
614,2013-11-29,Clear,31.66,0.0,0.0,,5.64,10.0
615,2013-11-30,Clear,34.02,0.0,0.0,,1.45,9.86
616,2013-12-01,Clear,41.31,0.0,0.0,,3.0,9.72
617,2013-12-02,Clear,42.88,0.0,0.0,,1.12,9.22
618,2013-12-03,Clear,40.31,0.0,0.0,,1.0,8.59
619,2013-12-04,Clear,52.51,0.0,0.0,,4.21,8.23
620,2013-12-05,Clear,60.37,0.0,0.0,,8.58,9.1
621,2013-12-06,Light Rain,40.26,0.73,0.052,rain,10.05,7.13
622,2013-12-07,Clear,33.45,0.0,0.0,,6.39,10.0
623,2013-12-08,Snow,32.36,0.77,0.0723,snow,3.52,6.11
624,2013-12-09,Clear,34.36,0.0,0.0,,2.04,3.46
625,2013-12-10,Clear,30.91,0.0,0.0,,4.3,10.0
626,2013-12-11,Clear,29.3,0.0,0.0,,3.84,9.86
627,2013-12-12,Clear,26.31,0.0,0.0,,6.21,10.0
628,2013-12-13,Clear,33.38,0.0,0.0,,3.37,10.0
629,2013-12-14,Light Rain,37.68,0.53,0.0119,rain,7.48,6.18
630,2013-12-15,Clear,32.95,0.0,0.0,,4.27,10.0
631,2013-12-16,Clear,34.35,0.0,0.0,,3.84,9.26
632,2013-12-17,Clear,34.67,0.01,0.001,rain,2.05,7.03
633,2013-12-18,Clear,30.39,0.0,0.0,,0.18,9.86
634,2013-12-19,Clear,49.61,0.0,0.0,,6.85,10.0
635,2013-12-20,Clear,54.5,0.0,0.0,,7.47,10.0
636,2013-12-21,Clear,62.71,0.0,0.0,,9.99,10.0
637,2013-12-22,Clear,59.91,0.0,0.0,,7.95,9.97
638,2013-12-23,Clear,40.98,0.0,0.0,,10.53,10.0
639,2013-12-24,Clear,25.91,0.0,0.0,,13.4,10.0
640,2013-12-25,Clear,26.74,0.0,0.0,,6.1,10.0
641,2013-12-26,Clear,31.07,0.0,0.0,,2.01,9.86
642,2013-12-27,Clear,33.73,0.0,0.0,,5.23,10.0
643,2013-12-28,Clear,44.55,0.0,0.0,,4.54,10.0
644,2013-12-29,Clear,43.58,0.0,0.0,,1.97,9.26
645,2013-12-30,Clear,34.57,0.0,0.0,,6.21,10.0
646,2013-12-31,Clear,32.36,0.0,0.0,,6.96,10.0
647,2014-01-01,Clear,37.36,0.0,0.0,,2.74,10.0
648,2014-01-02,Light Snow,31.51,0.59,0.0179,snow,8.78,2.22
649,2014-01-03,Clear,17.5,0.0,0.0,,5.89,10.0
650,2014-01-04,Clear,29.71,0.0,0.0,,4.16,10.0
651,2014-01-05,Foggy,40.09,0.0,0.0,,3.42,0.74
652,2014-01-06,Snow,12.38,0.61,0.0212,snow,16.63,10.0
653,2014-01-07,Clear,13.04,0.0,0.0,,4.77,10.0
654,2014-01-08,Clear,27.56,0.0,0.0,,2.15,10.0
655,2014-01-09,Clear,32.24,0.0,0.0,,2.91,9.95
656,2014-01-10,Clear,36.97,0.01,0.001,rain,0.95,2.5
657,2014-01-11,Clear,53.49,0.0,0.0,,8.27,9.52
658,2014-01-12,Clear,35.36,0.0,0.0,,2.0,8.84
659,2014-01-13,Clear,50.39,0.0,0.0,,10.49,10.0
660,2014-01-14,Foggy,38.65,0.0,0.0,,4.1,0.38
661,2014-01-15,Clear,39.38,0.0,0.0,,10.68,10.0
662,2014-01-16,Clear,32.04,0.0,0.0,,7.15,10.0
663,2014-01-17,Clear,37.25,0.0,0.0,,2.5,10.0
664,2014-01-18,Clear,23.87,0.0,0.0,,4.25,10.0
665,2014-01-19,Clear,40.38,0.0,0.0,,8.13,10.0
666,2014-01-20,Clear,39.99,0.0,0.0,,5.12,10.0
667,2014-01-21,Clear,17.24,0.0,0.0,,17.09,6.5
668,2014-01-22,Clear,15.54,0.0,0.0,,8.55,10.0
669,2014-01-23,Clear,15.28,0.0,0.0,,11.86,10.0
670,2014-01-24,Clear,20.88,0.0,0.0,,12.67,10.0
671,2014-01-25,Clear,32.23,0.0,0.0,,12.9,9.24
672,2014-01-26,Clear,27.19,0.0,0.0,,4.02,10.0
673,2014-01-27,Clear,23.44,0.0,0.0,,16.08,10.0
674,2014-01-28,Clear,14.08,0.0,0.0,,6.85,3.52
675,2014-01-29,Clear,18.03,0.0,0.0,,4.33,10.0
676,2014-01-30,Clear,23.39,0.0,0.0,,5.92,10.0
677,2014-01-31,Clear,31.69,0.0,0.0,,1.53,10.0
678,2014-02-01,Clear,40.94,0.0,0.0,,4.66,10.0
679,2014-02-02,Clear,48.27,0.0,0.0,,6.06,9.92
680,2014-02-03,Clear,33.69,0.0,0.0,,6.62,9.78
681,2014-02-04,Light Snow,31.71,0.52,0.0108,snow,4.56,2.25
682,2014-02-05,Clear,33.84,0.0,0.0,,14.24,10.0
683,2014-02-06,Clear,32.67,0.0,0.0,,4.51,10.0
684,2014-02-07,Clear,31.13,0.0,0.0,,5.85,9.65
685,2014-02-08,Clear,27.18,0.0,0.0,,3.27,9.64
686,2014-02-09,Clear,30.05,0.0,0.0,,3.35,5.56
687,2014-02-10,Clear,24.77,0.0,0.0,,10.25,10.0
688,2014-02-11,Clear,23.82,0.0,0.0,,5.73,10.0
689,2014-02-12,Snow,25.36,0.59,0.0181,snow,9.17,1.57
690,2014-02-13,Drizzle,36.32,0.24,0.0055,rain,15.65,9.38
691,2014-02-14,Clear,38.89,0.0,0.0,,1.84,9.84
692,2014-02-15,Clear,30.44,0.0,0.0,,15.17,10.0
693,2014-02-16,Clear,31.01,0.0,0.0,,6.72,9.89
694,2014-02-17,Clear,30.66,0.0,0.0,,9.05,10.0
695,2014-02-18,Clear,35.02,0.0,0.0,,3.0,10.0
696,2014-02-19,Clear,47.78,0.0,0.0,,5.82,10.0
697,2014-02-20,Clear,44.49,0.0,0.0,,2.58,10.0
698,2014-02-21,Clear,37.75,0.0,0.0,,1.42,7.55
699,2014-02-22,Clear,45.95,0.0,0.0,,8.15,10.0
700,2014-02-23,Clear,46.04,0.0,0.0,,13.3,10.0
701,2014-02-24,Clear,33.73,0.0,0.0,,4.07,10.0
702,2014-02-25,Clear,31.29,0.0,0.0,,5.11,10.0
703,2014-02-26,Clear,26.48,0.0,0.0,,5.39,10.0
704,2014-02-27,Breezy,21.54,0.0,0.0,,18.7,10.0
705,2014-02-28,Clear,22.82,0.0,0.0,,2.66,10.0
706,2014-03-01,Clear,36.38,0.0,0.0,,1.59,10.0
707,2014-03-02,Light Rain,37.54,0.67,0.0312,rain,8.84,2.82
708,2014-03-03,Clear,14.04,0.0,0.0,,5.92,10.0
709,2014-03-04,Clear,23.98,0.0,0.0,,1.57,10.0
710,2014-03-05,Clear,34.26,0.0,0.0,,9.58,10.0
711,2014-03-06,Clear,31.39,0.0,0.0,,7.61,10.0
712,2014-03-07,Clear,37.32,0.0,0.0,,7.52,10.0
713,2014-03-08,Clear,47.48,0.0,0.0,,3.5,10.0
714,2014-03-09,Clear,47.48,0.0,0.0,,3.5,10.0
715,2014-03-10,Clear,49.06,0.0,0.0,,4.18,10.0
716,2014-03-11,Clear,50.99,0.0,0.0,,2.22,10.0
717,2014-03-12,Rain and Breezy,36.81,0.74,0.0564,rain,22.19,10.0
718,2014-03-13,Clear,29.6,0.0,0.0,,5.21,10.0
719,2014-03-14,Partly Cloudy,52.24,0.0,0.0,,16.31,10.0
720,2014-03-15,Clear,49.89,0.0,0.0,,4.86,10.0
721,2014-03-16,Snow,29.14,0.7,0.0416,snow,6.83,0.68
722,2014-03-17,Overcast,30.51,0.0,0.0,,5.98,10.0
723,2014-03-18,Overcast,39.23,0.0,0.0,,5.1,10.0
724,2014-03-19,Overcast,41.48,0.0,0.0,,2.42,2.86
725,2014-03-20,Clear,47.63,0.0,0.0,,5.23,10.0
726,2014-03-21,Clear,43.74,0.0,0.0,,0.93,9.65
727,2014-03-22,Clear,53.25,0.0,0.0,,7.42,10.0
728,2014-03-23,Clear,37.16,0.0,0.0,,15.34,10.0
729,2014-03-24,Clear,32.12,0.0,0.0,,4.66,10.0
730,2014-03-25,Mostly Cloudy,33.58,0.0,0.0,,8.24,7.5
731,2014-03-26,Clear,31.17,0.0,0.0,,8.12,10.0
732,2014-03-27,Clear,42.83,0.0,0.0,,9.21,10.0
733,2014-03-28,Mostly Cloudy,60.39,0.0,0.0,,8.41,10.0
734,2014-03-29,Drizzle,57.82,0.33,0.0068,rain,5.18,7.72
735,2014-03-30,Drizzle,43.23,0.23,0.0054,rain,12.44,9.57
736,2014-03-31,Clear,51.41,0.0,0.0,,4.05,10.0
737,2014-04-01,Clear,50.69,0.0,0.0,,3.8,10.0
738,2014-04-02,Mostly Cloudy,52.67,0.0,0.0,,2.0,10.0
739,2014-04-03,Overcast,55.49,0.0,0.0,,6.24,9.11
740,2014-04-04,Overcast,52.12,0.0,0.0,,5.29,6.64
741,2014-04-05,Clear,47.7,0.0,0.0,,10.77,10.0
742,2014-04-06,Partly Cloudy,48.47,0.0,0.0,,7.17,10.0
743,2014-04-07,Overcast,51.27,0.0,0.0,,10.66,6.55
744,2014-04-08,Clear,49.98,0.0,0.0,,0.84,10.0
745,2014-04-09,Clear,54.62,0.0,0.0,,6.21,10.0
746,2014-04-10,Partly Cloudy,60.53,0.0,0.0,,10.49,10.0
747,2014-04-11,Mostly Cloudy,62.01,0.0,0.0,,1.13,9.92
748,2014-04-12,Clear,62.49,0.0,0.0,,8.26,10.0
749,2014-04-13,Partly Cloudy,70.36,0.0,0.0,,12.5,10.0
750,2014-04-14,Mostly Cloudy,69.85,0.0,0.0,,9.66,10.0
751,2014-04-15,Overcast,39.54,0.0,0.0,,15.13,10.0
752,2014-04-16,Clear,42.16,0.0,0.0,,4.99,10.0
753,2014-04-17,Clear,42.46,0.0,0.0,,5.78,10.0
754,2014-04-18,Partly Cloudy,48.99,0.0,0.0,,4.2,10.0
755,2014-04-19,Partly Cloudy,57.34,0.0,0.0,,3.9,10.0
756,2014-04-20,Clear,49.41,0.0,0.0,,4.07,10.0
757,2014-04-21,Partly Cloudy,56.53,0.0,0.0,,3.32,10.0
758,2014-04-22,Partly Cloudy,60.82,0.0,0.0,,6.66,9.9
759,2014-04-23,Clear,49.79,0.0,0.0,,10.89,10.0
760,2014-04-24,Partly Cloudy,53.44,0.0,0.0,,2.44,10.0
761,2014-04-25,Overcast,53.63,0.0,0.0,,3.45,6.72
762,2014-04-26,Mostly Cloudy,64.47,0.0,0.0,,11.16,10.0
763,2014-04-27,Partly Cloudy,56.22,0.0,0.0,,3.5,10.0
764,2014-04-28,Drizzle,50.33,0.39,0.0077,rain,7.31,8.61
765,2014-04-29,Rain,50.04,0.82,0.1228,rain,6.76,6.79
766,2014-04-30,Overcast,64.5,0.16,0.0042,rain,11.01,7.61
767,2014-05-01,Mostly Cloudy,64.73,0.19,0.0046,rain,9.22,10.0
768,2014-05-02,Overcast,61.82,0.0,0.0,,4.78,10.0
769,2014-05-03,Partly Cloudy,62.25,0.0,0.0,,5.08,10.0
770,2014-05-04,Clear,58.78,0.0,0.0,,9.7,9.83
771,2014-05-05,Light Rain,52.09,0.59,0.0175,rain,0.92,9.92
772,2014-05-06,Clear,59.62,0.0,0.0,,1.91,9.96
773,2014-05-07,Partly Cloudy,57.61,0.0,0.0,,4.54,10.0
774,2014-05-08,Clear,69.76,0.0,0.0,,4.44,9.0
775,2014-05-09,Partly Cloudy,67.67,0.0,0.0,,6.59,9.55
776,2014-05-10,Light Rain,67.74,0.57,0.0157,rain,4.81,9.34
777,2014-05-11,Clear,67.33,0.0,0.0,,4.04,10.0
778,2014-05-12,Partly Cloudy,70.33,0.0,0.0,,2.27,8.27
779,2014-05-13,Clear,67.71,0.13,0.0036,rain,6.99,9.35
780,2014-05-14,Overcast,65.45,0.0,0.0,,3.95,2.47
781,2014-05-15,Rain,69.71,0.84,0.1595,rain,6.62,7.35
782,2014-05-16,Mostly Cloudy,61.89,0.0,0.0,,7.41,10.0
783,2014-05-17,Overcast,60.07,0.0,0.0,,2.45,10.0
784,2014-05-18,Clear,55.82,0.0,0.0,,2.06,10.0
785,2014-05-19,Clear,59.65,0.0,0.0,,3.21,10.0
786,2014-05-20,Overcast,66.7,0.0,0.0,,4.38,10.0
787,2014-05-21,Clear,65.33,0.11,0.0033,rain,2.49,7.94
788,2014-05-22,Partly Cloudy,75.19,0.0,0.0,,9.44,10.0
789,2014-05-23,Clear,65.15,0.0,0.0,,10.13,10.0
790,2014-05-24,Partly Cloudy,66.04,0.0,0.0,,3.13,10.0
791,2014-05-25,Partly Cloudy,66.34,0.0,0.0,,4.36,10.0
792,2014-05-26,Partly Cloudy,72.54,0.0,0.0,,4.46,10.0
793,2014-05-27,Partly Cloudy,69.33,0.08,0.0027,rain,3.79,9.42
794,2014-05-28,Overcast,62.63,0.14,0.0038,rain,9.47,8.33
795,2014-05-29,Overcast,57.81,0.14,0.0038,rain,4.04,3.28
796,2014-05-30,Clear,65.03,0.0,0.0,,4.96,9.57
797,2014-05-31,Clear,64.65,0.0,0.0,,7.09,10.0
798,2014-06-01,Clear,65.71,0.0,0.0,,8.0,10.0
799,2014-06-02,Clear,69.94,0.0,0.0,,6.54,10.0
800,2014-06-03,Clear,74.13,0.0,0.0,,4.84,9.36
801,2014-06-04,Rain,69.25,0.75,0.06,rain,3.16,8.81
802,2014-06-05,Clear,70.63,0.0,0.0,,6.97,10.0
803,2014-06-06,Clear,66.87,0.0,0.0,,1.83,10.0
804,2014-06-07,Clear,70.98,0.0,0.0,,3.45,10.0
805,2014-06-08,Light Rain,73.2,0.62,0.0221,rain,7.37,8.05
806,2014-06-09,Partly Cloudy,76.48,0.0,0.0,,6.41,9.8
807,2014-06-10,Partly Cloudy,76.8,0.0,0.0,,2.26,9.21
808,2014-06-11,Drizzle,70.93,0.39,0.0077,rain,2.95,9.62
809,2014-06-12,Mostly Cloudy,73.68,0.0,0.0,,5.89,9.92
810,2014-06-13,Mostly Cloudy,71.41,0.0,0.0,,4.54,10.0
811,2014-06-14,Clear,67.46,0.0,0.0,,6.92,10.0
812,2014-06-15,Clear,70.68,0.0,0.0,,4.84,9.8
813,2014-06-16,Partly Cloudy,78.82,0.0,0.0,,4.72,10.0
814,2014-06-17,Clear,81.29,0.0,0.0,,6.12,9.68
815,2014-06-18,Clear,81.73,0.01,0.001,rain,3.4,9.32
816,2014-06-19,Partly Cloudy,73.23,0.0,0.0,,4.92,9.5
817,2014-06-20,Partly Cloudy,73.25,0.0,0.0,,4.5,10.0
818,2014-06-21,Overcast,70.04,0.0,0.0,,4.0,9.74
819,2014-06-22,Clear,71.77,0.0,0.0,,3.44,10.0
820,2014-06-23,Partly Cloudy,72.35,0.0,0.0,,8.26,10.0
821,2014-06-24,Partly Cloudy,76.19,0.0,0.0,,8.87,10.0
822,2014-06-25,Rain,75.91,0.84,0.1625,rain,0.27,8.67
823,2014-06-26,Clear,77.32,0.0,0.0,,3.45,9.67
824,2014-06-27,Clear,73.76,0.0,0.0,,4.68,10.0
825,2014-06-28,Partly Cloudy,73.98,0.0,0.0,,7.62,10.0
826,2014-06-29,Partly Cloudy,75.15,0.0,0.0,,6.86,10.0
827,2014-06-30,Clear,78.6,0.0,0.0,,5.62,10.0
828,2014-07-01,Clear,83.0,0.0,0.0,,9.56,10.0
829,2014-07-02,Rain,78.27,0.76,0.072,rain,5.52,8.36
830,2014-07-03,Light Rain,75.11,0.55,0.0137,rain,2.51,9.17
831,2014-07-04,Clear,70.01,0.0,0.0,,6.27,10.0
832,2014-07-05,Clear,70.98,0.0,0.0,,4.89,10.0
833,2014-07-06,Partly Cloudy,78.34,0.0,0.0,,9.53,10.0
834,2014-07-07,Clear,82.09,0.0,0.0,,6.81,10.0
835,2014-07-08,Drizzle,73.32,0.21,0.005,rain,5.62,8.83
836,2014-07-09,Partly Cloudy,72.81,0.0,0.0,,5.66,9.92
837,2014-07-10,Light Rain,71.41,0.63,0.0245,rain,1.09,9.12
838,2014-07-11,Partly Cloudy,76.85,0.0,0.0,,3.76,9.21
839,2014-07-12,Partly Cloudy,78.1,0.0,0.0,,8.33,10.0
840,2014-07-13,Light Rain,75.4,0.71,0.0448,rain,2.73,8.15
841,2014-07-14,Light Rain,77.75,0.56,0.0148,rain,2.22,9.17
842,2014-07-15,Light Rain,72.65,0.72,0.0479,rain,2.89,8.53
843,2014-07-16,Clear,71.23,0.0,0.0,,4.47,10.0
844,2014-07-17,Clear,71.31,0.0,0.0,,4.0,10.0
845,2014-07-18,Partly Cloudy,74.65,0.0,0.0,,4.82,10.0
846,2014-07-19,Partly Cloudy,73.65,0.0,0.0,,4.97,10.0
847,2014-07-20,Clear,73.67,0.0,0.0,,2.86,9.8
848,2014-07-21,Clear,75.26,0.0,0.0,,6.18,10.0
849,2014-07-22,Clear,76.95,0.0,0.0,,6.64,10.0
850,2014-07-23,Partly Cloudy,79.1,0.0,0.0,,3.06,9.39
851,2014-07-24,Clear,72.35,0.0,0.0,,5.97,10.0
852,2014-07-25,Clear,72.04,0.0,0.0,,4.65,10.0
853,2014-07-26,Mostly Cloudy,77.78,0.0,0.0,,6.04,10.0
854,2014-07-27,Partly Cloudy,79.24,0.0,0.0,,7.0,10.0
855,2014-07-28,Clear,72.2,0.0,0.0,,12.57,10.0
856,2014-07-29,Clear,65.35,0.0,0.0,,5.38,9.78
857,2014-07-30,Clear,69.8,0.0,0.0,,3.84,9.24
858,2014-07-31,Partly Cloudy,75.98,0.0,0.0,,4.39,9.81
859,2014-08-01,Partly Cloudy,69.74,0.06,0.0022,rain,7.3,9.92
860,2014-08-02,Overcast,73.38,0.0,0.0,,5.82,9.68
861,2014-08-03,Rain,70.16,0.85,0.1775,rain,2.11,8.46
862,2014-08-04,Clear,73.26,0.0,0.0,,1.15,9.51
863,2014-08-05,Partly Cloudy,76.65,0.0,0.0,,1.8,10.0
864,2014-08-06,Partly Cloudy,74.85,0.0,0.0,,4.86,9.46
865,2014-08-07,Clear,71.95,0.0,0.0,,0.57,10.0
866,2014-08-08,Partly Cloudy,72.49,0.0,0.0,,2.54,9.91
867,2014-08-09,Partly Cloudy,74.8,0.0,0.0,,4.12,9.22
868,2014-08-10,Clear,74.74,0.0,0.0,,7.74,10.0
869,2014-08-11,Drizzle,72.2,0.29,0.0062,rain,6.54,9.95
870,2014-08-12,Drizzle,74.39,0.36,0.0073,rain,2.86,9.3
871,2014-08-13,Clear,71.28,0.0,0.0,,5.68,10.0
872,2014-08-14,Clear,70.48,0.0,0.0,,5.26,10.0
873,2014-08-15,Clear,69.93,0.0,0.0,,3.56,10.0
874,2014-08-16,Clear,70.2,0.0,0.0,,3.71,10.0
875,2014-08-17,Partly Cloudy,78.16,0.0,0.0,,4.26,9.79
876,2014-08-18,Partly Cloudy,75.1,0.0,0.0,,3.44,10.0
877,2014-08-19,Partly Cloudy,75.58,0.0,0.0,,5.85,9.81
878,2014-08-20,Clear,70.95,0.0,0.0,,0.91,8.6
879,2014-08-21,Mostly Cloudy,76.23,0.0,0.0,,1.57,8.21
880,2014-08-22,Mostly Cloudy,74.05,0.0,0.0,,4.48,10.0
881,2014-08-23,Overcast,69.72,0.0,0.0,,3.51,10.0
882,2014-08-24,Clear,69.05,0.0,0.0,,0.37,10.0
883,2014-08-25,Clear,70.49,0.0,0.0,,2.98,9.96
884,2014-08-26,Clear,73.14,0.0,0.0,,2.73,9.43
885,2014-08-27,Clear,77.8,0.0,0.0,,3.37,9.52
886,2014-08-28,Clear,70.79,0.0,0.0,,6.4,10.0
887,2014-08-29,Partly Cloudy,69.96,0.0,0.0,,4.01,10.0
888,2014-08-30,Partly Cloudy,76.26,0.0,0.0,,6.89,10.0
889,2014-08-31,Rain,74.92,0.79,0.0959,rain,2.13,8.59
890,2014-09-01,Partly Cloudy,79.19,0.0,0.0,,3.23,9.1
891,2014-09-02,Partly Cloudy,77.04,0.0,0.0,,1.13,8.81
892,2014-09-03,Partly Cloudy,74.93,0.0,0.0,,1.94,9.37
893,2014-09-04,Clear,78.42,0.0,0.0,,5.96,9.92
894,2014-09-05,Clear,80.53,0.0,0.0,,6.81,9.49
895,2014-09-06,Light Rain,74.5,0.53,0.0119,rain,2.01,9.15
896,2014-09-07,Partly Cloudy,71.58,0.0,0.0,,3.21,10.0
897,2014-09-08,Mostly Cloudy,70.09,0.0,0.0,,5.66,10.0
898,2014-09-09,Mostly Cloudy,72.09,0.0,0.0,,6.7,10.0
899,2014-09-10,Partly Cloudy,72.78,0.0,0.0,,8.06,10.0
900,2014-09-11,Partly Cloudy,77.73,0.0,0.0,,6.28,10.0
901,2014-09-12,Partly Cloudy,67.85,0.0,0.0,,6.46,10.0
902,2014-09-13,Clear,62.48,0.0,0.0,,4.47,8.34
903,2014-09-14,Clear,60.15,0.0,0.0,,1.01,10.0
904,2014-09-15,Partly Cloudy,65.92,0.0,0.0,,7.53,9.67
905,2014-09-16,Clear,64.0,0.0,0.0,,2.89,9.91
906,2014-09-17,Clear,63.47,0.0,0.0,,1.81,10.0
907,2014-09-18,Clear,64.65,0.0,0.0,,2.57,8.01
908,2014-09-19,Mostly Cloudy,66.77,0.0,0.0,,7.17,10.0
909,2014-09-20,Clear,67.95,0.0,0.0,,2.92,9.74
910,2014-09-21,Mostly Cloudy,76.2,0.0,0.0,,10.6,9.56
911,2014-09-22,Partly Cloudy,59.67,0.0,0.0,,8.41,10.0
912,2014-09-23,Partly Cloudy,59.92,0.0,0.0,,3.95,9.78
913,2014-09-24,Mostly Cloudy,64.91,0.12,0.0035,rain,9.36,10.0
914,2014-09-25,Overcast,64.62,0.0,0.0,,5.35,9.75
915,2014-09-26,Clear,62.19,0.0,0.0,,2.25,9.37
916,2014-09-27,Clear,63.77,0.0,0.0,,3.23,9.7
917,2014-09-28,Partly Cloudy,67.15,0.0,0.0,,2.02,9.81
918,2014-09-29,Mostly Cloudy,66.97,0.0,0.0,,4.62,9.38
919,2014-09-30,Light Rain,67.29,0.55,0.0137,rain,4.76,8.98
920,2014-10-01,Clear,64.53,0.0,0.0,,0.87,8.42
921,2014-10-02,Clear,63.71,0.0,0.0,,2.11,10.0
922,2014-10-03,Light Rain,66.96,0.51,0.0106,rain,10.2,7.08
923,2014-10-04,Clear,50.52,0.0,0.0,,7.42,10.0
924,2014-10-05,Clear,52.98,0.0,0.0,,5.09,10.0
925,2014-10-06,Partly Cloudy,66.64,0.0,0.0,,14.21,10.0
926,2014-10-07,Rain,63.45,0.82,0.1221,rain,12.17,10.0
927,2014-10-08,Clear,63.56,0.0,0.0,,8.37,10.0
928,2014-10-09,Mostly Cloudy,64.27,0.0,0.0,,6.39,10.0
929,2014-10-10,Overcast,56.15,0.01,0.0009,rain,4.73,6.96
930,2014-10-11,Mostly Cloudy,56.25,0.0,0.0,,4.69,9.77
931,2014-10-12,Overcast,59.6,0.0,0.0,,4.25,10.0
932,2014-10-13,Clear,63.91,0.0,0.0,,2.26,3.2
933,2014-10-14,Mostly Cloudy,73.63,0.0,0.0,,12.49,10.0
934,2014-10-15,Light Rain,63.08,0.58,0.0162,rain,5.74,9.25
935,2014-10-16,Drizzle,60.07,0.39,0.0078,rain,3.07,9.18
936,2014-10-17,Clear,62.14,0.0,0.0,,8.0,9.8
937,2014-10-18,Clear,54.06,0.0,0.0,,7.31,10.0
938,2014-10-19,Clear,49.19,0.0,0.0,,3.73,10.0
939,2014-10-20,Mostly Cloudy,57.8,0.01,0.001,rain,7.34,9.95
940,2014-10-21,Light Rain,54.82,0.7,0.041,rain,8.1,6.4
941,2014-10-22,Mostly Cloudy,54.72,0.03,0.0014,rain,14.41,10.0
942,2014-10-23,Clear,60.88,0.0,0.0,,10.47,10.0
943,2014-10-24,Clear,56.73,0.0,0.0,,5.06,10.0
944,2014-10-25,Clear,57.4,0.0,0.0,,3.99,10.0
945,2014-10-26,Clear,53.51,0.0,0.0,,2.62,10.0
946,2014-10-27,Clear,56.05,0.0,0.0,,4.65,10.0
947,2014-10-28,Partly Cloudy,68.1,0.0,0.0,,7.51,10.0
948,2014-10-29,Clear,52.17,0.0,0.0,,2.22,7.13
949,2014-10-30,Clear,50.16,0.0,0.0,,4.02,10.0
950,2014-10-31,Partly Cloudy,49.01,0.0,0.0,,5.67,10.0
951,2014-11-01,Partly Cloudy,47.67,0.0,0.0,,17.29,10.0
952,2014-11-02,Clear,45.59,0.0,0.0,,9.55,10.0
953,2014-11-03,Clear,49.31,0.0,0.0,,2.88,10.0
954,2014-11-04,Clear,60.74,0.0,0.0,,8.95,10.0
955,2014-11-05,Clear,55.91,0.2,0.0049,rain,1.17,8.66
956,2014-11-06,Partly Cloudy,53.18,0.0,0.0,,5.38,9.55
957,2014-11-07,Clear,41.69,0.0,0.0,,6.13,10.0
958,2014-11-08,Clear,46.19,0.0,0.0,,6.0,10.0
959,2014-11-09,Clear,43.06,0.0,0.0,,8.0,9.67
960,2014-11-10,Clear,48.46,0.0,0.0,,1.41,9.81
961,2014-11-11,Clear,60.11,0.0,0.0,,2.61,8.56
962,2014-11-12,Clear,45.4,0.0,0.0,,9.36,10.0
963,2014-11-13,Clear,38.58,0.15,0.004,rain,5.28,8.92
964,2014-11-14,Clear,33.42,0.0,0.0,,7.45,10.0
965,2014-11-15,Clear,33.46,0.0,0.0,,1.83,9.86
966,2014-11-16,Clear,43.95,0.0,0.0,,6.8,9.23
967,2014-11-17,Clear,41.75,0.02,0.0013,rain,15.53,10.0
968,2014-11-18,Clear,25.22,0.0,0.0,,6.05,10.0
969,2014-11-19,Clear,38.09,0.0,0.0,,12.43,10.0
970,2014-11-20,Clear,37.35,0.0,0.0,,14.81,10.0
971,2014-11-21,Clear,28.22,0.0,0.0,,1.86,10.0
972,2014-11-22,Partly Cloudy,44.47,0.0,0.0,,7.75,10.0
973,2014-11-23,Light Rain,52.63,0.6,0.0189,rain,4.11,4.93
974,2014-11-24,Clear,65.25,0.0,0.0,,12.08,10.0
975,2014-11-25,Clear,47.29,0.0,0.0,,1.8,10.0
976,2014-11-26,Partly Cloudy,37.71,0.02,0.0012,rain,6.93,9.96
977,2014-11-27,Clear,38.31,0.0,0.0,,9.12,9.96
978,2014-11-28,Clear,30.94,0.0,0.0,,2.46,10.0
979,2014-11-29,Clear,45.25,0.0,0.0,,9.7,10.0
980,2014-11-30,Partly Cloudy,57.51,0.0,0.0,,10.97,10.0
981,2014-12-01,Clear,46.09,0.0,0.0,,10.62,10.0
982,2014-12-02,Light Rain,37.53,0.57,0.0158,rain,4.07,7.01
983,2014-12-03,Clear,44.13,0.0,0.0,,7.49,10.0
984,2014-12-04,Clear,40.77,0.07,0.0024,rain,1.68,9.7
985,2014-12-05,Clear,41.71,0.0,0.0,,4.1,6.2
986,2014-12-06,Light Rain,43.45,0.72,0.0484,rain,15.62,9.66
987,2014-12-07,Clear,37.21,0.0,0.0,,6.8,10.0
988,2014-12-08,Light Snow,33.9,0.19,0.0046,snow,8.19,4.0
989,2014-12-09,Clear,45.11,0.03,0.0014,rain,10.53,10.0
990,2014-12-10,Clear,38.31,0.0,0.0,,12.83,10.0
991,2014-12-11,Partly Cloudy,40.22,0.0,0.0,,9.53,10.0
992,2014-12-12,Clear,35.08,0.0,0.0,,5.46,9.85
993,2014-12-13,Clear,38.45,0.0,0.0,,5.24,9.96
994,2014-12-14,Clear,45.87,0.0,0.0,,4.61,10.0
995,2014-12-15,Clear,41.06,0.0,0.0,,2.62,8.74
996,2014-12-16,Clear,45.47,0.0,0.0,,5.18,4.05
997,2014-12-17,Clear,39.14,0.0,0.0,,10.76,10.0
998,2014-12-18,Clear,35.8,0.0,0.0,,7.52,10.0
999,2014-12-19,Clear,32.47,0.0,0.0,,5.48,10.0
1000,2014-12-20,Partly Cloudy,33.78,0.0,0.0,,2.85,10.0
1001,2014-12-21,Clear,31.7,0.0,0.0,,2.8,8.63
1002,2014-12-22,Clear,38.04,0.06,0.0022,rain,4.51,2.8
1003,2014-12-23,Foggy,44.49,0.0,0.0,,1.06,0.97
1004,2014-12-24,Clear,56.32,0.0,0.0,,7.71,6.28
1005,2014-12-25,Clear,42.99,0.0,0.0,,6.64,10.0
1006,2014-12-26,Clear,35.78,0.0,0.0,,1.45,9.71
1007,2014-12-27,Clear,43.46,0.0,0.0,,3.27,9.94
1008,2014-12-28,Light Rain,47.5,0.63,0.0232,rain,6.99,9.75
1009,2014-12-29,Partly Cloudy,41.2,0.0,0.0,,5.42,10.0
1010,2014-12-30,Clear,29.37,0.0,0.0,,2.57,9.94
1011,2014-12-31,Clear,27.53,0.0,0.0,,3.85,10.0
1012,2015-01-01,Clear,36.85,0.0,0.0,,3.36,10.0
1013,2015-01-02,Clear,33.14,0.0,0.0,,1.19,9.94
1014,2015-01-03,Light Rain,39.74,0.6,0.0193,rain,2.82,5.36
1015,2015-01-04,Clear,51.83,0.0,0.0,,15.04,10.0
1016,2015-01-05,Clear,28.17,0.0,0.0,,9.25,10.0
1017,2015-01-06,Clear,25.48,0.0,0.0,,5.26,10.0
1018,2015-01-07,Clear,14.58,0.0,0.0,,13.94,10.0
1019,2015-01-08,Clear,24.5,0.0,0.0,,15.22,10.0
1020,2015-01-09,Clear,27.46,0.0,0.0,,11.27,10.0
1021,2015-01-10,Clear,19.49,0.0,0.0,,0.91,9.79
1022,2015-01-11,Partly Cloudy,35.11,0.0,0.0,,3.1,10.0
1023,2015-01-12,Drizzle,38.92,0.27,0.006,rain,5.41,8.92
1024,2015-01-13,Clear,26.8,0.0,0.0,,6.76,10.0
1025,2015-01-14,Clear,30.78,0.0,0.0,,4.32,9.94
1026,2015-01-15,Clear,30.1,0.0,0.0,,2.49,9.29
1027,2015-01-16,Partly Cloudy,34.18,0.0,0.0,,9.24,10.0
1028,2015-01-17,Clear,33.82,0.0,0.0,,10.29,10.0
1029,2015-01-18,Clear,39.08,0.0,0.0,,3.39,9.44
1030,2015-01-19,Clear,31.32,0.0,0.0,,4.27,9.93
1031,2015-01-20,Clear,32.23,0.0,0.0,,0.54,9.86
1032,2015-01-21,Clear,33.56,0.0,0.0,,3.15,2.72
1033,2015-01-22,Clear,35.64,0.0,0.0,,5.39,10.0
1034,2015-01-23,Rain,35.06,0.75,0.0642,rain,6.04,2.59
1035,2015-01-24,Partly Cloudy,38.11,0.0,0.0,,8.5,10.0
1036,2015-01-25,Clear,43.83,0.0,0.0,,3.39,10.0
1037,2015-01-26,Flurries,28.12,0.05,0.0021,snow,11.24,4.41
1038,2015-01-27,Clear,29.43,0.0,0.0,,13.6,10.0
1039,2015-01-28,Clear,28.45,0.0,0.0,,8.02,10.0
1040,2015-01-29,Clear,37.19,0.0,0.0,,6.12,10.0
1041,2015-01-30,Flurries,22.59,0.02,0.0013,snow,17.16,10.0
1042,2015-01-31,Clear,25.08,0.0,0.0,,0.44,10.0
1043,2015-02-01,Light Rain,35.38,0.6,0.0194,rain,5.34,7.52
1044,2015-02-02,Clear,26.09,0.0,0.0,,14.3,10.0
1045,2015-02-03,Clear,27.66,0.0,0.0,,6.42,10.0
1046,2015-02-04,Clear,43.78,0.0,0.0,,7.33,10.0
1047,2015-02-05,Clear,20.85,0.0,0.0,,10.42,10.0
1048,2015-02-06,Clear,26.89,0.0,0.0,,1.21,10.0
1049,2015-02-07,Clear,35.53,0.0,0.0,,2.82,10.0
1050,2015-02-08,Clear,43.13,0.0,0.0,,6.75,9.84
1051,2015-02-09,Light Snow,32.84,0.58,0.0171,snow,7.99,5.65
1052,2015-02-10,Clear,32.41,0.0,0.0,,9.69,10.0
1053,2015-02-11,Partly Cloudy,34.62,0.0,0.0,,5.82,10.0
1054,2015-02-12,Snow and Breezy,21.37,0.58,0.017,snow,20.38,10.0
1055,2015-02-13,Clear,20.2,0.0,0.0,,4.86,10.0
1056,2015-02-14,Heavy Snow and Breezy,17.51,0.86,0.2216,snow,22.04,9.67
1057,2015-02-15,Clear,11.74,0.0,0.0,,13.86,10.0
1058,2015-02-16,Snow,15.23,0.58,0.0171,snow,0.49,2.8
1059,2015-02-17,Clear,17.92,0.0,0.0,,3.23,9.4
1060,2015-02-18,Flurries,20.87,0.02,0.0013,snow,16.34,9.91
1061,2015-02-19,Partly Cloudy,10.35,0.0,0.0,,13.21,9.64
1062,2015-02-20,Clear,10.47,0.0,0.0,,6.54,10.0
1063,2015-02-21,Snow,33.74,0.66,0.0299,snow,6.05,4.81
1064,2015-02-22,Partly Cloudy,38.17,0.0,0.0,,5.84,8.53
1065,2015-02-23,Clear,18.07,0.0,0.0,,7.58,10.0
1066,2015-02-24,Clear,22.73,0.0,0.0,,5.59,10.0
1067,2015-02-25,Clear,33.75,0.0,0.0,,3.86,10.0
1068,2015-02-26,Clear,30.87,0.0,0.0,,2.82,9.81
1069,2015-02-27,Clear,23.95,0.0,0.0,,8.55,10.0
1070,2015-02-28,Clear,21.92,0.0,0.0,,3.03,9.97
1071,2015-03-01,Clear,32.36,0.0,0.0,,4.21,2.48
1072,2015-03-02,Clear,31.87,0.0,0.0,,6.72,10.0
1073,2015-03-03,Partly Cloudy,37.53,0.0,0.0,,9.95,10.0
1074,2015-03-04,Light Rain,43.99,0.66,0.0299,rain,5.67,4.62
1075,2015-03-05,Flurries,23.05,0.04,0.0017,snow,11.12,10.0
1076,2015-03-06,Clear,18.64,0.0,0.0,,2.73,9.6
1077,2015-03-07,Clear,40.78,0.0,0.0,,4.19,10.0
1078,2015-03-08,Clear,40.78,0.0,0.0,,4.19,10.0
1079,2015-03-09,Partly Cloudy,43.3,0.0,0.0,,4.33,10.0
1080,2015-03-10,Light Rain,44.33,0.49,0.0092,rain,1.92,1.86
1081,2015-03-11,Clear,53.16,0.0,0.0,,9.01,9.93
1082,2015-03-12,Partly Cloudy,41.84,0.0,0.0,,1.61,10.0
1083,2015-03-13,Overcast,45.91,0.0,0.0,,5.82,9.54
1084,2015-03-14,Partly Cloudy,51.91,0.0,0.0,,5.21,8.25
1085,2015-03-15,Clear,43.98,0.0,0.0,,6.58,10.0
1086,2015-03-16,Partly Cloudy,51.84,0.0,0.0,,4.15,10.0
1087,2015-03-17,Clear,43.29,0.0,0.0,,17.57,10.0
1088,2015-03-18,Clear,40.74,0.0,0.0,,3.36,10.0
1089,2015-03-19,Partly Cloudy,42.2,0.0,0.0,,3.69,10.0
1090,2015-03-20,Overcast,37.06,0.0,0.0,,6.63,9.12
1091,2015-03-21,Clear,48.44,0.0,0.0,,3.9,9.83
1092,2015-03-22,Partly Cloudy,45.03,0.0,0.0,,4.99,10.0
1093,2015-03-23,Partly Cloudy,39.85,0.0,0.0,,2.61,10.0
1094,2015-03-24,Partly Cloudy,35.83,0.0,0.0,,3.56,10.0
1095,2015-03-25,Mostly Cloudy,47.17,0.0,0.0,,3.69,9.92
1096,2015-03-26,Rain,54.34,0.8,0.1035,rain,9.61,9.62
1097,2015-03-27,Partly Cloudy,43.98,0.0,0.0,,11.43,10.0
1098,2015-03-28,Clear,30.59,0.0,0.0,,10.78,10.0
1099,2015-03-29,Partly Cloudy,41.24,0.0,0.0,,10.75,10.0
1100,2015-03-30,Partly Cloudy,48.93,0.0,0.0,,2.99,10.0
1101,2015-03-31,Clear,47.16,0.0,0.0,,12.89,10.0
1102,2015-04-01,Clear,45.9,0.0,0.0,,2.21,10.0
1103,2015-04-02,Clear,65.3,0.0,0.0,,12.52,10.0
1104,2015-04-03,Partly Cloudy,69.22,0.04,0.0019,rain,17.81,10.0
1105,2015-04-04,Clear,47.49,0.0,0.0,,4.02,10.0
1106,2015-04-05,Partly Cloudy,53.86,0.0,0.0,,6.75,10.0
1107,2015-04-06,Partly Cloudy,64.33,0.0,0.0,,8.97,10.0
1108,2015-04-07,Mostly Cloudy,62.12,0.03,0.0015,rain,2.06,8.87
1109,2015-04-08,Overcast,44.12,0.0,0.0,,5.67,7.2
1110,2015-04-09,Overcast,44.22,0.18,0.0045,rain,5.56,3.46
1111,2015-04-10,Partly Cloudy,60.43,0.0,0.0,,8.91,7.86
1112,2015-04-11,Clear,52.89,0.0,0.0,,5.35,10.0
1113,2015-04-12,Clear,54.2,0.0,0.0,,7.11,10.0
1114,2015-04-13,Clear,64.11,0.0,0.0,,9.04,10.0
1115,2015-04-14,Mostly Cloudy,54.23,0.0,0.0,,4.24,9.56
1116,2015-04-15,Partly Cloudy,55.21,0.0,0.0,,2.14,10.0
1117,2015-04-16,Mostly Cloudy,61.51,0.0,0.0,,5.74,10.0
1118,2015-04-17,Partly Cloudy,65.95,0.0,0.0,,1.27,10.0
1119,2015-04-18,Partly Cloudy,64.08,0.0,0.0,,2.88,10.0
1120,2015-04-19,Light Rain,53.08,0.57,0.0151,rain,12.1,5.21
1121,2015-04-20,Partly Cloudy,63.45,0.07,0.0024,rain,7.34,10.0
1122,2015-04-21,Clear,54.25,0.0,0.0,,3.55,10.0
1123,2015-04-22,Clear,53.25,0.0,0.0,,15.0,10.0
1124,2015-04-23,Mostly Cloudy,48.04,0.0,0.0,,10.49,10.0
1125,2015-04-24,Partly Cloudy,49.96,0.0,0.0,,3.35,10.0
1126,2015-04-25,Light Rain,42.9,0.72,0.047,rain,5.6,7.63
1127,2015-04-26,Clear,50.73,0.0,0.0,,1.98,10.0
1128,2015-04-27,Partly Cloudy,51.47,0.0,0.0,,13.64,10.0
1129,2015-04-28,Clear,57.27,0.0,0.0,,6.44,10.0
1130,2015-04-29,Partly Cloudy,60.18,0.0,0.0,,4.43,10.0
1131,2015-04-30,Partly Cloudy,57.53,0.0,0.0,,3.4,10.0
1132,2015-05-01,Partly Cloudy,54.97,0.0,0.0,,0.94,10.0
1133,2015-05-02,Clear,59.55,0.0,0.0,,6.46,10.0
1134,2015-05-03,Clear,62.89,0.0,0.0,,3.65,10.0
1135,2015-05-04,Clear,70.07,0.0,0.0,,6.71,9.88
1136,2015-05-05,Partly Cloudy,66.28,0.0,0.0,,4.44,8.83
1137,2015-05-06,Partly Cloudy,67.74,0.0,0.0,,3.7,9.61
1138,2015-05-07,Clear,67.97,0.0,0.0,,6.02,10.0
1139,2015-05-08,Partly Cloudy,68.51,0.0,0.0,,7.51,10.0
1140,2015-05-09,Clear,71.48,0.0,0.0,,7.44,10.0
1141,2015-05-10,Clear,72.51,0.0,0.0,,5.86,9.55
1142,2015-05-11,Clear,70.84,0.0,0.0,,3.67,9.8
1143,2015-05-12,Partly Cloudy,76.32,0.0,0.0,,16.36,10.0
1144,2015-05-13,Clear,56.86,0.0,0.0,,11.1,10.0
1145,2015-05-14,Partly Cloudy,59.22,0.0,0.0,,6.88,10.0
1146,2015-05-15,Partly Cloudy,65.64,0.0,0.0,,5.91,10.0
1147,2015-05-16,Light Rain,70.06,0.55,0.0133,rain,5.44,9.29
1148,2015-05-17,Partly Cloudy,73.63,0.0,0.0,,3.08,9.6
1149,2015-05-18,Rain,73.09,0.78,0.0808,rain,4.59,4.97
1150,2015-05-19,Clear,76.6,0.0,0.0,,5.48,9.51
1151,2015-05-20,Clear,61.12,0.0,0.0,,6.86,10.0
1152,2015-05-21,Partly Cloudy,52.61,0.0,0.0,,4.96,8.29
1153,2015-05-22,Clear,66.27,0.0,0.0,,6.79,10.0
1154,2015-05-23,Clear,60.4,0.0,0.0,,7.28,10.0
1155,2015-05-24,Partly Cloudy,70.03,0.0,0.0,,5.8,10.0
1156,2015-05-25,Partly Cloudy,72.31,0.0,0.0,,7.53,10.0
1157,2015-05-26,Partly Cloudy,76.28,0.0,0.0,,7.51,10.0
1158,2015-05-27,Partly Cloudy,75.35,0.0,0.0,,2.57,9.96
1159,2015-05-28,Partly Cloudy,74.72,0.0,0.0,,2.65,10.0
1160,2015-05-29,Partly Cloudy,74.68,0.0,0.0,,7.31,10.0
1161,2015-05-30,Partly Cloudy,75.42,0.0,0.0,,8.34,10.0
1162,2015-05-31,Partly Cloudy,77.46,0.0,0.0,,10.03,10.0
1163,2015-06-01,Light Rain,70.71,0.72,0.0484,rain,1.97,9.29
1164,2015-06-02,Overcast,59.02,0.0,0.0,,6.63,8.32
1165,2015-06-03,Overcast,60.52,0.0,0.0,,5.34,9.38
1166,2015-06-04,Light Rain,60.15,0.5,0.0093,rain,5.3,8.62
1167,2015-06-05,Partly Cloudy,66.98,0.15,0.0039,rain,2.1,8.19
1168,2015-06-06,Clear,69.97,0.0,0.0,,6.88,10.0
1169,2015-06-07,Partly Cloudy,68.3,0.0,0.0,,8.85,10.0
1170,2015-06-08,Rain,71.37,0.84,0.1703,rain,5.47,8.74
1171,2015-06-09,Partly Cloudy,75.21,0.0,0.0,,8.93,10.0
1172,2015-06-10,Clear,72.71,0.0,0.0,,4.84,9.56
1173,2015-06-11,Clear,80.42,0.0,0.0,,5.29,9.57
1174,2015-06-12,Clear,78.6,0.0,0.0,,4.43,9.56
1175,2015-06-13,Partly Cloudy,79.45,0.0,0.0,,0.67,9.66
1176,2015-06-14,Clear,77.9,0.0,0.0,,2.32,8.85
1177,2015-06-15,Partly Cloudy,78.28,0.0,0.0,,6.42,9.17
1178,2015-06-16,Partly Cloudy,79.93,0.0,0.0,,8.0,10.0
1179,2015-06-17,Mostly Cloudy,72.87,0.05,0.0021,rain,3.45,9.39
1180,2015-06-18,Light Rain,74.99,0.55,0.0136,rain,3.54,9.58
1181,2015-06-19,Partly Cloudy,75.8,0.12,0.0035,rain,4.53,9.95
1182,2015-06-20,Rain,73.43,0.79,0.091,rain,7.69,8.38
1183,2015-06-21,Partly Cloudy,82.68,0.0,0.0,,6.0,9.97
1184,2015-06-22,Partly Cloudy,80.8,0.0,0.0,,7.54,9.84
1185,2015-06-23,Partly Cloudy,74.08,0.0,0.0,,2.7,9.27
1186,2015-06-24,Partly Cloudy,74.43,0.0,0.0,,3.16,10.0
1187,2015-06-25,Heavy Rain,70.56,0.89,0.3207,rain,5.45,9.89
1188,2015-06-26,Partly Cloudy,72.88,0.0,0.0,,4.3,9.23
1189,2015-06-27,Light Rain,69.03,0.55,0.0135,rain,3.75,9.58
1190,2015-06-28,Clear,69.09,0.0,0.0,,5.16,10.0
1191,2015-06-29,Clear,72.17,0.0,0.0,,5.53,9.63
1192,2015-06-30,Partly Cloudy,76.47,0.0,0.0,,4.28,10.0
1193,2015-07-01,Clear,73.35,0.0,0.0,,2.71,9.23
1194,2015-07-02,Clear,68.97,0.0,0.0,,3.26,6.28
1195,2015-07-03,Partly Cloudy,72.18,0.0,0.0,,4.3,8.73
1196,2015-07-04,Clear,71.97,0.0,0.0,,3.03,3.03
1197,2015-07-05,Partly Cloudy,76.03,0.0,0.0,,2.66,9.36
1198,2015-07-06,Partly Cloudy,75.42,0.0,0.0,,7.84,8.95
1199,2015-07-07,Partly Cloudy,80.02,0.0,0.0,,6.66,8.87
1200,2015-07-08,Partly Cloudy,76.72,0.07,0.0024,rain,2.5,9.91
1201,2015-07-09,Partly Cloudy,81.75,0.03,0.0014,rain,6.37,9.45
1202,2015-07-10,Mostly Cloudy,78.82,0.0,0.0,,3.61,9.36
1203,2015-07-11,Clear,74.1,0.0,0.0,,2.61,8.87
1204,2015-07-12,Partly Cloudy,76.25,0.0,0.0,,4.27,9.73
1205,2015-07-13,Rain,74.49,0.77,0.0752,rain,3.45,8.6
1206,2015-07-14,Partly Cloudy,80.02,0.0,0.0,,6.0,9.78
1207,2015-07-15,Clear,74.41,0.0,0.0,,12.43,10.0
1208,2015-07-16,Clear,71.3,0.0,0.0,,2.03,10.0
1209,2015-07-17,Mostly Cloudy,77.35,0.0,0.0,,7.34,10.0
1210,2015-07-18,Clear,79.96,0.0,0.0,,5.87,9.29
1211,2015-07-19,Partly Cloudy,83.49,0.0,0.0,,5.41,9.71
1212,2015-07-20,Partly Cloudy,82.97,0.0,0.0,,4.55,9.84
1213,2015-07-21,Partly Cloudy,78.46,0.0,0.0,,6.59,9.8
1214,2015-07-22,Partly Cloudy,75.34,0.0,0.0,,5.54,10.0
1215,2015-07-23,Clear,72.74,0.0,0.0,,0.31,10.0
1216,2015-07-24,Partly Cloudy,73.9,0.0,0.0,,3.12,10.0
1217,2015-07-25,Clear,77.74,0.0,0.0,,8.27,10.0
1218,2015-07-26,Partly Cloudy,80.11,0.0,0.0,,8.5,10.0
1219,2015-07-27,Clear,78.19,0.0,0.0,,3.03,8.55
1220,2015-07-28,Clear,77.47,0.0,0.0,,2.12,9.15
1221,2015-07-29,Clear,79.91,0.0,0.0,,7.25,9.56
1222,2015-07-30,Partly Cloudy,78.0,0.0,0.0,,2.23,7.66
1223,2015-07-31,Clear,77.33,0.0,0.0,,4.31,10.0
1224,2015-08-01,Clear,76.8,0.0,0.0,,3.97,9.36
1225,2015-08-02,Clear,75.05,0.0,0.0,,6.11,10.0
1226,2015-08-03,Clear,80.75,0.0,0.0,,7.04,10.0
1227,2015-08-04,Light Rain,76.8,0.66,0.0293,rain,2.53,8.94
1228,2015-08-05,Partly Cloudy,78.05,0.0,0.0,,6.12,10.0
1229,2015-08-06,Drizzle,74.92,0.46,0.0087,rain,4.54,9.49
1230,2015-08-07,Partly Cloudy,74.44,0.01,0.001,rain,2.37,9.97
1231,2015-08-08,Partly Cloudy,72.98,0.0,0.0,,4.09,10.0
1232,2015-08-09,Overcast,78.06,0.0,0.0,,8.67,10.0
1233,2015-08-10,Light Rain,73.86,0.57,0.015,rain,8.23,9.77
1234,2015-08-11,Mostly Cloudy,75.75,0.0,0.0,,4.08,9.73
1235,2015-08-12,Clear,72.25,0.0,0.0,,4.2,10.0
1236,2015-08-13,Clear,68.65,0.0,0.0,,1.27,10.0
1237,2015-08-14,Clear,72.74,0.0,0.0,,5.56,10.0
1238,2015-08-15,Partly Cloudy,74.68,0.0,0.0,,7.73,10.0
1239,2015-08-16,Clear,76.72,0.0,0.0,,5.16,10.0
1240,2015-08-17,Clear,78.51,0.0,0.0,,7.92,10.0
1241,2015-08-18,Partly Cloudy,76.98,0.0,0.0,,6.22,9.67
1242,2015-08-19,Drizzle,78.67,0.41,0.008,rain,7.05,9.76
1243,2015-08-20,Partly Cloudy,74.1,0.09,0.0029,rain,3.68,9.4
1244,2015-08-21,Clear,71.64,0.0,0.0,,4.19,10.0
1245,2015-08-22,Clear,71.08,0.0,0.0,,3.18,10.0
1246,2015-08-23,Partly Cloudy,73.94,0.0,0.0,,5.97,10.0
1247,2015-08-24,Partly Cloudy,74.84,0.01,0.001,rain,2.88,9.04
1248,2015-08-25,Partly Cloudy,71.8,0.0,0.0,,5.38,10.0
1249,2015-08-26,Clear,68.0,0.0,0.0,,2.31,10.0
1250,2015-08-27,Clear,69.64,0.0,0.0,,2.56,10.0
1251,2015-08-28,Clear,68.9,0.0,0.0,,4.61,9.84
1252,2015-08-29,Partly Cloudy,74.11,0.0,0.0,,7.49,10.0
1253,2015-08-30,Partly Cloudy,78.31,0.0,0.0,,6.59,10.0
1254,2015-08-31,Clear,76.53,0.0,0.0,,8.11,9.73
1255,2015-09-01,Partly Cloudy,78.11,0.0,0.0,,2.96,9.03
1256,2015-09-02,Clear,76.84,0.0,0.0,,3.11,8.98
1257,2015-09-03,Partly Cloudy,77.88,0.0,0.0,,4.42,9.18
1258,2015-09-04,Clear,77.58,0.0,0.0,,5.29,9.55
1259,2015-09-05,Clear,73.09,0.0,0.0,,5.1,10.0
1260,2015-09-06,Clear,71.14,0.0,0.0,,3.2,10.0
1261,2015-09-07,Clear,77.62,0.0,0.0,,7.51,10.0
1262,2015-09-08,Clear,79.61,0.0,0.0,,8.17,10.0
1263,2015-09-09,Partly Cloudy,78.87,0.0,0.0,,5.54,10.0
1264,2015-09-10,Mostly Cloudy,70.01,0.0,0.0,,9.64,9.91
1265,2015-09-11,Clear,70.14,0.0,0.0,,0.46,10.0
1266,2015-09-12,Mostly Cloudy,69.48,0.0,0.0,,4.71,9.62
1267,2015-09-13,Clear,61.3,0.0,0.0,,3.57,10.0
1268,2015-09-14,Clear,64.17,0.0,0.0,,5.39,9.91
1269,2015-09-15,Clear,66.18,0.0,0.0,,2.64,10.0
1270,2015-09-16,Partly Cloudy,68.98,0.0,0.0,,3.72,10.0
1271,2015-09-17,Clear,69.9,0.0,0.0,,4.44,10.0
1272,2015-09-18,Clear,70.05,0.0,0.0,,6.44,10.0
1273,2015-09-19,Partly Cloudy,73.39,0.0,0.0,,6.57,10.0
1274,2015-09-20,Partly Cloudy,69.11,0.0,0.0,,7.36,10.0
1275,2015-09-21,Light Rain,62.98,0.64,0.025,rain,5.89,9.7
1276,2015-09-22,Partly Cloudy,65.79,0.0,0.0,,5.24,10.0
1277,2015-09-23,Partly Cloudy,64.02,0.0,0.0,,2.22,9.69
1278,2015-09-24,Partly Cloudy,66.62,0.0,0.0,,5.08,10.0
1279,2015-09-25,Partly Cloudy,66.26,0.0,0.0,,5.99,10.0
1280,2015-09-26,Partly Cloudy,64.16,0.0,0.0,,8.97,10.0
1281,2015-09-27,Mostly Cloudy,68.87,0.0,0.0,,6.05,10.0
1282,2015-09-28,Partly Cloudy,71.44,0.0,0.0,,3.77,9.71
1283,2015-09-29,Rain,73.45,0.85,0.1968,rain,8.79,9.34
1284,2015-09-30,Overcast,64.85,0.0,0.0,,11.07,10.0
1285,2015-10-01,Overcast,57.18,0.12,0.0034,rain,9.37,8.94
1286,2015-10-02,Light Rain,50.01,0.5,0.0095,rain,11.46,6.05
1287,2015-10-03,Overcast,55.65,0.0,0.0,,11.75,7.52
1288,2015-10-04,Mostly Cloudy,55.21,0.0,0.0,,6.75,10.0
1289,2015-10-05,Clear,54.63,0.0,0.0,,0.69,10.0
1290,2015-10-06,Partly Cloudy,59.34,0.0,0.0,,2.77,10.0
1291,2015-10-07,Clear,60.99,0.0,0.0,,5.41,9.04
1292,2015-10-08,Partly Cloudy,63.27,0.0,0.0,,4.52,8.95
1293,2015-10-09,Partly Cloudy,66.2,0.0,0.0,,6.16,9.31
1294,2015-10-10,Clear,51.06,0.0,0.0,,1.13,9.48
1295,2015-10-11,Clear,54.71,0.0,0.0,,2.56,9.73
1296,2015-10-12,Clear,60.75,0.0,0.0,,4.94,10.0
1297,2015-10-13,Partly Cloudy,65.93,0.0,0.0,,8.5,10.0
1298,2015-10-14,Clear,55.88,0.0,0.0,,4.73,10.0
1299,2015-10-15,Clear,54.21,0.0,0.0,,5.25,10.0
1300,2015-10-16,Clear,52.82,0.0,0.0,,4.49,10.0
1301,2015-10-17,Clear,44.96,0.0,0.0,,8.87,10.0
1302,2015-10-18,Clear,42.51,0.0,0.0,,5.76,10.0
1303,2015-10-19,Clear,47.01,0.0,0.0,,7.7,10.0
1304,2015-10-20,Clear,52.48,0.0,0.0,,3.71,10.0
1305,2015-10-21,Clear,55.7,0.0,0.0,,4.62,9.84
1306,2015-10-22,Partly Cloudy,60.49,0.0,0.0,,4.38,10.0
1307,2015-10-23,Clear,52.23,0.0,0.0,,4.04,10.0
1308,2015-10-24,Mostly Cloudy,58.31,0.0,0.0,,6.62,10.0
1309,2015-10-25,Partly Cloudy,56.02,0.0,0.0,,8.74,10.0
1310,2015-10-26,Partly Cloudy,45.83,0.0,0.0,,4.62,9.69
1311,2015-10-27,Mostly Cloudy,55.64,0.0,0.0,,6.4,10.0
1312,2015-10-28,Mostly Cloudy,68.08,0.04,0.0018,rain,11.97,9.33
1313,2015-10-29,Partly Cloudy,55.23,0.0,0.0,,3.98,10.0
1314,2015-10-30,Clear,47.29,0.0,0.0,,4.74,10.0
1315,2015-10-31,Partly Cloudy,54.18,0.0,0.0,,6.57,10.0
1316,2015-11-01,Partly Cloudy,57.79,0.0,0.0,,2.42,7.95
1317,2015-11-02,Clear,50.08,0.0,0.0,,2.6,8.26
1318,2015-11-03,Clear,51.47,0.0,0.0,,4.31,10.0
1319,2015-11-04,Clear,59.73,0.16,0.0041,rain,1.17,9.02
1320,2015-11-05,Partly Cloudy,62.77,0.0,0.0,,4.92,2.42
1321,2015-11-06,Partly Cloudy,69.54,0.0,0.0,,3.91,9.62
1322,2015-11-07,Clear,54.42,0.0,0.0,,10.16,9.85
1323,2015-11-08,Clear,43.24,0.0,0.0,,3.79,10.0
1324,2015-11-09,Rain,49.71,0.82,0.126,rain,4.73,4.44
1325,2015-11-10,Clear,56.13,0.0,0.0,,12.57,9.7
1326,2015-11-11,Clear,49.58,0.0,0.0,,4.69,10.0
1327,2015-11-12,Clear,59.49,0.0,0.0,,5.9,10.0
1328,2015-11-13,Clear,50.17,0.0,0.0,,12.2,10.0
1329,2015-11-14,Clear,41.1,0.0,0.0,,2.09,10.0
1330,2015-11-15,Clear,49.85,0.0,0.0,,4.72,10.0
1331,2015-11-16,Clear,46.3,0.0,0.0,,1.5,9.71
1332,2015-11-17,Clear,49.89,0.0,0.0,,4.28,10.0
1333,2015-11-18,Clear,62.39,0.0,0.0,,8.25,10.0
1334,2015-11-19,Clear,59.25,0.0,0.0,,6.22,8.53
1335,2015-11-20,Clear,41.63,0.0,0.0,,5.8,10.0
1336,2015-11-21,Clear,47.99,0.0,0.0,,4.61,9.63
1337,2015-11-22,Clear,38.26,0.0,0.0,,13.48,10.0
1338,2015-11-23,Clear,35.38,0.0,0.0,,3.31,10.0
1339,2015-11-24,Clear,39.51,0.0,0.0,,4.32,10.0
1340,2015-11-25,Clear,43.97,0.0,0.0,,3.43,10.0
1341,2015-11-26,Clear,46.0,0.0,0.0,,3.4,9.48
1342,2015-11-27,Clear,51.92,0.0,0.0,,4.52,10.0
1343,2015-11-28,Clear,57.39,0.0,0.0,,4.72,9.01
1344,2015-11-29,Partly Cloudy,44.98,0.0,0.0,,6.6,10.0
1345,2015-11-30,Drizzle,44.45,0.37,0.0074,rain,4.13,3.29
1346,2015-12-01,Foggy,47.78,0.0,0.0,,2.97,1.5
1347,2015-12-02,Clear,53.87,0.0,0.0,,7.02,10.0
1348,2015-12-03,Clear,41.06,0.0,0.0,,5.06,10.0
1349,2015-12-04,Clear,35.39,0.0,0.0,,4.28,9.86
1350,2015-12-05,Clear,35.07,0.0,0.0,,4.59,8.27
1351,2015-12-06,Clear,37.98,0.0,0.0,,1.85,8.53
1352,2015-12-07,Clear,45.11,0.0,0.0,,2.51,9.86
1353,2015-12-08,Clear,40.72,0.0,0.0,,2.34,8.21
1354,2015-12-09,Clear,44.27,0.0,0.0,,0.5,5.4
1355,2015-12-10,Clear,46.09,0.0,0.0,,2.78,8.73
1356,2015-12-11,Clear,47.77,0.0,0.0,,1.15,7.62
1357,2015-12-12,Clear,52.89,0.0,0.0,,2.83,7.69
1358,2015-12-13,Clear,57.57,0.0,0.0,,2.81,9.41
1359,2015-12-14,Partly Cloudy,66.18,0.0,0.0,,10.36,9.94
1360,2015-12-15,Clear,47.58,0.0,0.0,,5.72,10.0
1361,2015-12-16,Clear,46.45,0.0,0.0,,4.46,10.0
1362,2015-12-17,Clear,51.3,0.0,0.0,,3.62,7.93
1363,2015-12-18,Clear,35.74,0.0,0.0,,8.04,10.0
1364,2015-12-19,Clear,34.36,0.0,0.0,,3.49,10.0
1365,2015-12-20,Clear,37.89,0.0,0.0,,6.72,10.0
1366,2015-12-21,Clear,54.44,0.0,0.0,,8.91,10.0
1367,2015-12-22,Clear,57.58,0.0,0.0,,4.62,9.56
1368,2015-12-23,Clear,64.37,0.0,0.0,,6.78,9.48
1369,2015-12-24,Clear,62.62,0.0,0.0,,1.79,7.01
1370,2015-12-25,Clear,59.09,0.0,0.0,,5.73,6.2
1371,2015-12-26,Drizzle,51.58,0.26,0.0058,rain,2.97,3.57
1372,2015-12-27,Partly Cloudy,60.13,0.0,0.0,,8.0,10.0
1373,2015-12-28,Light Rain,42.39,0.64,0.0247,rain,7.73,3.76
1374,2015-12-29,Clear,47.97,0.0,0.0,,3.92,3.1
1375,2015-12-30,Clear,50.9,0.0,0.0,,3.93,2.66
1376,2015-12-31,Clear,44.72,0.0,0.0,,6.25,10.0
1377,2016-01-01,Clear,35.13,0.0,0.0,,2.87,10.0
1378,2016-01-02,Clear,34.35,0.0,0.0,,3.81,10.0
1379,2016-01-03,Clear,34.48,0.0,0.0,,5.73,10.0
1380,2016-01-04,Clear,22.53,0.0,0.0,,14.7,10.0
1381,2016-01-05,Clear,21.74,0.0,0.0,,3.05,10.0
1382,2016-01-06,Partly Cloudy,30.89,0.0,0.0,,2.74,9.94
1383,2016-01-07,Clear,39.92,0.0,0.0,,3.14,3.85
1384,2016-01-08,Partly Cloudy,43.61,0.0,0.0,,2.46,8.26
1385,2016-01-09,Rain,50.0,0.75,0.0655,rain,5.65,6.34
1386,2016-01-10,Clear,38.65,0.0,0.0,,14.95,10.0
1387,2016-01-11,Clear,29.26,0.0,0.0,,3.44,10.0
1388,2016-01-12,Clear,30.25,0.0,0.0,,16.77,10.0
1389,2016-01-13,Clear,25.39,0.0,0.0,,3.64,10.0
1390,2016-01-14,Clear,40.22,0.0,0.0,,4.2,10.0
1391,2016-01-15,Light Rain,42.48,0.59,0.0175,rain,4.13,6.43
1392,2016-01-16,Clear,39.12,0.0,0.0,,6.65,10.0
1393,2016-01-17,Clear,32.48,0.0,0.0,,5.94,9.19
1394,2016-01-18,Clear,16.5,0.0,0.0,,13.03,10.0
1395,2016-01-19,Clear,21.03,0.0,0.0,,10.41,10.0
1396,2016-01-20,Clear,26.1,0.0,0.0,,1.24,6.0
1397,2016-01-21,Clear,26.44,0.0,0.0,,8.41,10.0
1398,2016-01-22,Snow,23.28,0.63,0.0241,snow,12.25,0.71
1399,2016-01-23,Clear,27.98,0.0,0.0,,13.63,5.97
1400,2016-01-24,Clear,19.38,0.0,0.0,,1.79,8.06
1401,2016-01-25,Clear,33.08,0.0,0.0,,3.6,8.99
1402,2016-01-26,Clear,45.92,0.0,0.0,,3.68,10.0
1403,2016-01-27,Clear,29.16,0.0,0.0,,3.01,10.0
1404,2016-01-28,Clear,35.21,0.0,0.0,,3.87,9.79
1405,2016-01-29,Clear,30.99,0.0,0.0,,7.68,10.0
1406,2016-01-30,Clear,38.16,0.0,0.0,,9.42,10.0
1407,2016-01-31,Clear,50.61,0.0,0.0,,8.0,10.0
1408,2016-02-01,Clear,43.68,0.0,0.0,,5.78,7.57
1409,2016-02-02,Clear,43.29,0.0,0.0,,5.66,10.0
1410,2016-02-03,Foggy,53.72,0.0,0.0,,5.79,1.85
1411,2016-02-04,Clear,42.61,0.0,0.0,,11.9,9.94
1412,2016-02-05,Clear,32.5,0.0,0.0,,3.4,10.0
1413,2016-02-06,Clear,33.5,0.0,0.0,,2.5,10.0
1414,2016-02-07,Clear,38.76,0.0,0.0,,5.41,10.0
1415,2016-02-08,Clear,38.26,0.01,0.0011,rain,7.18,9.58
1416,2016-02-09,Partly Cloudy,32.56,0.0,0.0,,11.4,10.0
1417,2016-02-10,Partly Cloudy,26.1,0.0,0.0,,11.39,10.0
1418,2016-02-11,Clear,21.95,0.0,0.0,,10.81,10.0
1419,2016-02-12,Partly Cloudy,27.18,0.0,0.0,,4.73,9.63
1420,2016-02-13,Clear,15.72,0.0,0.0,,12.06,10.0
1421,2016-02-14,Partly Cloudy,22.16,0.0,0.0,,8.57,5.94
1422,2016-02-15,Light Snow,29.97,0.17,0.0044,snow,2.51,5.55
1423,2016-02-16,Clear,37.85,0.0,0.0,,6.33,10.0
1424,2016-02-17,Clear,35.46,0.0,0.0,,5.52,10.0
1425,2016-02-18,Clear,29.33,0.0,0.0,,3.72,10.0
1426,2016-02-19,Clear,40.3,0.0,0.0,,11.25,10.0
1427,2016-02-20,Clear,51.58,0.0,0.0,,5.46,10.0
1428,2016-02-21,Partly Cloudy,47.41,0.07,0.0025,rain,6.79,9.84
1429,2016-02-22,Clear,42.05,0.0,0.0,,4.21,10.0
1430,2016-02-23,Clear,41.49,0.02,0.0013,rain,6.48,3.8
1431,2016-02-24,Clear,59.02,0.0,0.0,,10.09,8.55
1432,2016-02-25,Light Rain,40.4,0.49,0.0092,rain,14.6,10.0
1433,2016-02-26,Clear,31.61,0.0,0.0,,7.31,10.0
1434,2016-02-27,Clear,36.54,0.0,0.0,,2.58,10.0
1435,2016-02-28,Clear,56.45,0.0,0.0,,11.85,10.0
1436,2016-02-29,Clear,42.85,0.0,0.0,,3.47,10.0
1437,2016-03-01,Partly Cloudy,59.96,0.0,0.0,,14.34,10.0
1438,2016-03-02,Clear,31.97,0.0,0.0,,6.06,10.0
1439,2016-03-03,Light Snow,32.61,0.27,0.006,snow,4.14,2.26
1440,2016-03-04,Clear,38.06,0.0,0.0,,6.14,10.0
1441,2016-03-05,Clear,36.69,0.0,0.0,,3.92,10.0
1442,2016-03-06,Clear,36.69,0.0,0.0,,3.4,8.48
1443,2016-03-07,Clear,52.39,0.0,0.0,,5.79,10.0
1444,2016-03-08,Clear,55.11,0.0,0.0,,5.95,10.0
1445,2016-03-09,Clear,62.29,0.0,0.0,,6.61,10.0
1446,2016-03-10,Clear,68.87,0.0,0.0,,8.48,10.0
1447,2016-03-11,Clear,55.89,0.0,0.0,,2.6,10.0
1448,2016-03-12,Clear,53.46,0.0,0.0,,2.55,10.0
1449,2016-03-13,Clear,53.46,0.0,0.0,,2.55,10.0
1450,2016-03-14,Overcast,47.25,0.0,0.0,,6.68,6.69
1451,2016-03-15,Clear,51.52,0.0,0.0,,4.77,8.2
1452,2016-03-16,Clear,55.38,0.0,0.0,,1.78,9.79
1453,2016-03-17,Partly Cloudy,56.64,0.0,0.0,,6.92,10.0
1454,2016-03-18,Clear,53.82,0.0,0.0,,6.94,10.0
1455,2016-03-19,Overcast,37.32,0.0,0.0,,3.97,9.12
1456,2016-03-20,Mostly Cloudy,37.4,0.01,0.0009,rain,6.88,9.9
1457,2016-03-21,Clear,41.06,0.0,0.0,,3.16,10.0
1458,2016-03-22,Clear,55.33,0.0,0.0,,12.24,10.0
1459,2016-03-23,Clear,58.45,0.0,0.0,,5.68,10.0
1460,2016-03-24,Clear,67.82,0.0,0.0,,12.63,10.0
1461,2016-03-25,Partly Cloudy,51.59,0.0,0.0,,12.5,10.0
1462,2016-03-26,Mostly Cloudy,53.48,0.0,0.0,,6.05,10.0
1463,2016-03-27,Overcast,48.77,0.09,0.0029,rain,6.66,4.46
1464,2016-03-28,Mostly Cloudy,55.39,0.0,0.0,,13.96,10.0
1465,2016-03-29,Clear,49.35,0.0,0.0,,6.67,10.0
1466,2016-03-30,Partly Cloudy,53.11,0.0,0.0,,12.49,10.0
1467,2016-03-31,Partly Cloudy,68.13,0.0,0.0,,12.25,10.0
1468,2016-04-01,Partly Cloudy,71.41,0.0,0.0,,5.02,10.0
1469,2016-04-02,Windy and Mostly Cloudy,46.56,0.14,0.0038,rain,26.07,7.95
1470,2016-04-03,Clear,47.18,0.0,0.0,,7.51,10.0
1471,2016-04-04,Mostly Cloudy,45.18,0.0,0.0,,13.76,10.0
1472,2016-04-05,Clear,37.41,0.0,0.0,,2.42,10.0
1473,2016-04-06,Partly Cloudy,51.08,0.0,0.0,,9.74,10.0
1474,2016-04-07,Clear,49.63,0.0,0.0,,8.63,10.0
1475,2016-04-08,Partly Cloudy,45.12,0.0,0.0,,1.62,10.0
1476,2016-04-09,Clear,36.8,0.0,0.0,,13.45,10.0
1477,2016-04-10,Partly Cloudy,45.92,0.0,0.0,,10.64,10.0
1478,2016-04-11,Partly Cloudy,65.37,0.0,0.0,,13.18,9.93
1479,2016-04-12,Clear,50.97,0.0,0.0,,7.22,10.0
1480,2016-04-13,Clear,47.14,0.0,0.0,,1.85,10.0
1481,2016-04-14,Clear,51.0,0.0,0.0,,9.53,10.0
1482,2016-04-15,Clear,50.84,0.0,0.0,,5.5,10.0
1483,2016-04-16,Clear,52.64,0.0,0.0,,4.48,10.0
1484,2016-04-17,Clear,57.52,0.0,0.0,,3.67,9.63
1485,2016-04-18,Partly Cloudy,63.12,0.0,0.0,,1.12,9.9
1486,2016-04-19,Partly Cloudy,62.23,0.0,0.0,,7.91,10.0
1487,2016-04-20,Partly Cloudy,57.04,0.0,0.0,,8.22,10.0
1488,2016-04-21,Partly Cloudy,65.8,0.0,0.0,,4.29,10.0
1489,2016-04-22,Mostly Cloudy,64.17,0.0,0.0,,5.02,9.46
1490,2016-04-23,Clear,58.05,0.0,0.0,,8.13,10.0
1491,2016-04-24,Partly Cloudy,55.32,0.0,0.0,,8.01,10.0
1492,2016-04-25,Partly Cloudy,65.97,0.0,0.0,,4.08,10.0
1493,2016-04-26,Partly Cloudy,71.12,0.0,0.0,,4.56,10.0
1494,2016-04-27,Mostly Cloudy,53.83,0.0,0.0,,3.32,9.73
1495,2016-04-28,Drizzle,47.5,0.22,0.0052,rain,6.71,9.19
1496,2016-04-29,Overcast,52.36,0.0,0.0,,3.64,8.36
1497,2016-04-30,Drizzle,53.84,0.34,0.007,rain,4.92,9.48
1498,2016-05-01,Overcast,55.44,0.12,0.0034,rain,4.13,5.69
1499,2016-05-02,Light Rain,62.23,0.5,0.0097,rain,3.04,8.85
1500,2016-05-03,Drizzle,58.52,0.43,0.0083,rain,6.19,8.88
1501,2016-05-04,Overcast,53.39,0.0,0.0,,8.39,8.65
1502,2016-05-05,Overcast,54.19,0.09,0.0029,rain,4.15,8.91
1503,2016-05-06,Light Rain,51.66,0.52,0.011,rain,3.65,7.95
1504,2016-05-07,Mostly Cloudy,57.52,0.0,0.0,,7.78,10.0
1505,2016-05-08,Partly Cloudy,55.41,0.0,0.0,,3.69,10.0
1506,2016-05-09,Partly Cloudy,59.27,0.0,0.0,,1.46,10.0
1507,2016-05-10,Mostly Cloudy,56.67,0.09,0.0028,rain,4.73,9.89
1508,2016-05-11,Overcast,58.31,0.0,0.0,,3.56,4.72
1509,2016-05-12,Mostly Cloudy,62.64,0.0,0.0,,3.66,9.14
1510,2016-05-13,Clear,60.48,0.0,0.0,,6.9,10.0
1511,2016-05-14,Clear,54.77,0.0,0.0,,12.89,10.0
1512,2016-05-15,Clear,52.27,0.0,0.0,,7.79,10.0
1513,2016-05-16,Partly Cloudy,55.9,0.0,0.0,,4.07,10.0
1514,2016-05-17,Mostly Cloudy,53.34,0.0,0.0,,1.99,7.29
1515,2016-05-18,Overcast,58.34,0.0,0.0,,7.02,10.0
1516,2016-05-19,Clear,57.89,0.0,0.0,,3.39,9.97
1517,2016-05-20,Partly Cloudy,64.46,0.0,0.0,,7.63,10.0
1518,2016-05-21,Overcast,54.58,0.02,0.0012,rain,6.84,7.79
1519,2016-05-22,Overcast,56.0,0.11,0.0032,rain,6.63,8.46
1520,2016-05-23,Mostly Cloudy,59.89,0.0,0.0,,3.7,9.64
1521,2016-05-24,Clear,64.38,0.0,0.0,,4.12,10.0
1522,2016-05-25,Clear,67.54,0.0,0.0,,3.35,9.93
1523,2016-05-26,Clear,73.25,0.0,0.0,,6.12,9.91
1524,2016-05-27,Partly Cloudy,75.01,0.0,0.0,,6.38,10.0
1525,2016-05-28,Partly Cloudy,73.56,0.0,0.0,,5.97,10.0
1526,2016-05-29,Light Rain,67.57,0.72,0.0485,rain,3.73,8.91
1527,2016-05-30,Mostly Cloudy,72.05,0.0,0.0,,6.76,9.83
1528,2016-05-31,Clear,71.74,0.0,0.0,,3.04,9.68
1529,2016-06-01,Clear,71.74,0.0,0.0,,5.25,10.0
1530,2016-06-02,Partly Cloudy,72.25,0.0,0.0,,2.92,10.0
1531,2016-06-03,Mostly Cloudy,72.28,0.0,0.0,,4.76,7.89
1532,2016-06-04,Partly Cloudy,73.59,0.0,0.0,,5.1,10.0
1533,2016-06-05,Partly Cloudy,71.04,0.0,0.0,,5.19,10.0
1534,2016-06-06,Partly Cloudy,76.05,0.0,0.0,,6.72,10.0
1535,2016-06-07,Clear,69.5,0.0,0.0,,8.43,10.0
1536,2016-06-08,Clear,62.6,0.0,0.0,,5.63,10.0
1537,2016-06-09,Clear,70.1,0.0,0.0,,7.48,10.0
1538,2016-06-10,Partly Cloudy,69.09,0.0,0.0,,3.06,10.0
1539,2016-06-11,Clear,79.51,0.0,0.0,,5.7,10.0
1540,2016-06-12,Dry,74.78,0.0,0.0,,12.44,10.0
1541,2016-06-13,Mostly Cloudy,73.84,0.0,0.0,,5.12,10.0
1542,2016-06-14,Clear,67.16,0.0,0.0,,5.52,10.0
1543,2016-06-15,Mostly Cloudy,74.76,0.0,0.0,,3.67,10.0
1544,2016-06-16,Rain,68.19,0.82,0.124,rain,6.88,7.52
1545,2016-06-17,Clear,70.99,0.0,0.0,,4.17,10.0
1546,2016-06-18,Partly Cloudy,70.37,0.0,0.0,,6.61,10.0
1547,2016-06-19,Partly Cloudy,75.06,0.0,0.0,,4.02,10.0
1548,2016-06-20,Partly Cloudy,77.54,0.0,0.0,,5.74,10.0
1549,2016-06-21,Light Rain,72.65,0.5,0.0098,rain,4.28,9.57
1550,2016-06-22,Clear,72.81,0.0,0.0,,3.08,10.0
1551,2016-06-23,Mostly Cloudy,75.17,0.0,0.0,,3.5,10.0
1552,2016-06-24,Overcast,72.99,0.0,0.0,,5.67,10.0
1553,2016-06-25,Clear,72.85,0.0,0.0,,4.65,10.0
1554,2016-06-26,Clear,69.29,0.0,0.0,,5.58,10.0
1555,2016-06-27,Light Rain,76.13,0.56,0.0141,rain,7.11,8.93
1556,2016-06-28,Light Rain,69.22,0.55,0.0136,rain,2.97,9.62
1557,2016-06-29,Clear,69.79,0.0,0.0,,5.09,10.0
1558,2016-06-30,Partly Cloudy,73.74,0.0,0.0,,3.45,10.0
1559,2016-07-01,Light Rain,72.84,0.64,0.025,rain,3.74,9.73
1560,2016-07-02,Partly Cloudy,71.78,0.0,0.0,,3.08,10.0
1561,2016-07-03,Mostly Cloudy,68.02,0.0,0.0,,2.61,9.13
1562,2016-07-04,Light Rain,73.14,0.69,0.0362,rain,7.66,3.91
1563,2016-07-05,Partly Cloudy,78.9,0.0,0.0,,4.38,9.93
1564,2016-07-06,Clear,79.62,0.0,0.0,,4.47,9.5
1565,2016-07-07,Partly Cloudy,82.03,0.0,0.0,,6.46,10.0
1566,2016-07-08,Partly Cloudy,78.44,0.0,0.0,,4.53,8.86
1567,2016-07-09,Clear,80.52,0.0,0.0,,7.06,10.0
1568,2016-07-10,Clear,76.0,0.0,0.0,,5.54,10.0
1569,2016-07-11,Partly Cloudy,74.84,0.0,0.0,,4.53,10.0
1570,2016-07-12,Partly Cloudy,77.75,0.0,0.0,,7.47,10.0
1571,2016-07-13,Clear,79.28,0.0,0.0,,2.12,8.79
1572,2016-07-14,Partly Cloudy,83.32,0.0,0.0,,4.95,9.94
1573,2016-07-15,Clear,79.89,0.0,0.0,,3.92,10.0
1574,2016-07-16,Partly Cloudy,71.83,0.0,0.0,,4.72,9.42
1575,2016-07-17,Clear,80.64,0.0,0.0,,5.81,9.84
1576,2016-07-18,Partly Cloudy,75.29,0.0,0.0,,4.95,9.62
1577,2016-07-19,Light Rain,74.71,0.65,0.0285,rain,1.58,8.91
1578,2016-07-20,Clear,74.74,0.0,0.0,,1.46,9.84
1579,2016-07-21,Partly Cloudy,77.69,0.0,0.0,,6.71,10.0
1580,2016-07-22,Clear,83.35,0.0,0.0,,5.3,9.84
1581,2016-07-23,Clear,83.93,0.0,0.0,,1.55,10.0
1582,2016-07-24,Partly Cloudy,82.74,0.0,0.0,,5.76,9.53
1583,2016-07-25,Light Rain,83.78,0.65,0.0286,rain,1.93,9.35
1584,2016-07-26,Partly Cloudy,81.72,0.0,0.0,,5.54,9.73
1585,2016-07-27,Partly Cloudy,81.58,0.0,0.0,,5.26,9.79
1586,2016-07-28,Light Rain,76.41,0.57,0.0158,rain,3.37,8.19
1587,2016-07-29,Clear,78.68,0.0,0.0,,2.7,9.32
1588,2016-07-30,Drizzle,74.06,0.26,0.0058,rain,1.98,9.96
1589,2016-07-31,Clear,78.64,0.0,0.0,,3.99,9.35
1590,2016-08-01,Clear,76.3,0.0,0.0,,3.33,9.81
1591,2016-08-02,Mostly Cloudy,75.6,0.0,0.0,,7.9,10.0
1592,2016-08-03,Clear,73.74,0.0,0.0,,4.47,10.0
1593,2016-08-04,Clear,73.52,0.0,0.0,,5.19,10.0
1594,2016-08-05,Partly Cloudy,77.02,0.0,0.0,,5.96,10.0
1595,2016-08-06,Clear,78.59,0.0,0.0,,4.49,9.84
1596,2016-08-07,Partly Cloudy,75.16,0.0,0.0,,4.11,10.0
1597,2016-08-08,Partly Cloudy,71.01,0.0,0.0,,2.77,10.0
1598,2016-08-09,Partly Cloudy,76.68,0.0,0.0,,5.29,9.78
1599,2016-08-10,Partly Cloudy,82.08,0.0,0.0,,6.83,10.0
1600,2016-08-11,Clear,83.28,0.0,0.0,,7.57,10.0
1601,2016-08-12,Clear,85.38,0.0,0.0,,7.18,9.62
1602,2016-08-13,Clear,87.77,0.0,0.0,,8.44,10.0
1603,2016-08-14,Partly Cloudy,78.93,0.0,0.0,,2.68,9.3
1604,2016-08-15,Rain,74.53,0.79,0.0935,rain,5.94,9.26
1605,2016-08-16,Partly Cloudy,85.94,0.0,0.0,,8.18,9.82
1606,2016-08-17,Rain,73.42,0.79,0.093,rain,1.14,9.43
1607,2016-08-18,Partly Cloudy,81.03,0.0,0.0,,6.44,9.66
1608,2016-08-19,Clear,77.02,0.0,0.0,,2.53,9.73
1609,2016-08-20,Clear,77.13,0.0,0.0,,7.33,9.74
1610,2016-08-21,Clear,74.64,0.0,0.0,,6.36,10.0
1611,2016-08-22,Clear,69.77,0.0,0.0,,2.56,9.91
1612,2016-08-23,Clear,70.05,0.0,0.0,,5.96,10.0
1613,2016-08-24,Clear,74.11,0.0,0.0,,8.67,10.0
1614,2016-08-25,Clear,79.54,0.0,0.0,,5.2,9.69
1615,2016-08-26,Clear,80.17,0.0,0.0,,1.0,9.73
1616,2016-08-27,Clear,76.71,0.0,0.0,,3.38,9.84
1617,2016-08-28,Clear,75.21,0.0,0.0,,4.4,10.0
1618,2016-08-29,Clear,79.33,0.0,0.0,,2.85,10.0
1619,2016-08-30,Clear,74.1,0.0,0.0,,2.08,10.0
1620,2016-08-31,Partly Cloudy,80.12,0.0,0.0,,7.7,10.0
1621,2016-09-01,Mostly Cloudy,73.51,0.09,0.0028,rain,4.74,9.64
1622,2016-09-02,Partly Cloudy,71.88,0.0,0.0,,5.29,10.0
1623,2016-09-03,Partly Cloudy,71.92,0.0,0.0,,4.55,10.0
1624,2016-09-04,Clear,68.66,0.0,0.0,,2.56,10.0
1625,2016-09-05,Clear,73.22,0.0,0.0,,4.82,10.0
1626,2016-09-06,Clear,77.54,0.0,0.0,,2.72,10.0
1627,2016-09-07,Light Rain,76.52,0.52,0.011,rain,5.91,9.48
1628,2016-09-08,Partly Cloudy,82.43,0.0,0.0,,5.16,9.45
1629,2016-09-09,Clear,79.61,0.0,0.0,,3.77,9.63
1630,2016-09-10,Partly Cloudy,81.46,0.0,0.0,,9.74,9.86
1631,2016-09-11,Partly Cloudy,70.76,0.0,0.0,,2.53,10.0
1632,2016-09-12,Clear,68.65,0.0,0.0,,3.61,10.0
1633,2016-09-13,Partly Cloudy,74.94,0.0,0.0,,7.87,10.0
1634,2016-09-14,Clear,77.44,0.0,0.0,,7.11,10.0
1635,2016-09-15,Partly Cloudy,68.66,0.0,0.0,,6.3,10.0
1636,2016-09-16,Mostly Cloudy,70.3,0.0,0.0,,7.0,10.0
1637,2016-09-17,Partly Cloudy,73.97,0.0,0.0,,7.43,10.0
1638,2016-09-18,Partly Cloudy,78.09,0.0,0.0,,7.02,10.0
1639,2016-09-19,Partly Cloudy,71.94,0.0,0.0,,5.21,9.41
1640,2016-09-20,Partly Cloudy,73.7,0.0,0.0,,3.68,8.66
1641,2016-09-21,Partly Cloudy,74.49,0.0,0.0,,5.05,9.67
1642,2016-09-22,Clear,70.74,0.0,0.0,,3.56,9.97
1643,2016-09-23,Clear,73.38,0.0,0.0,,4.52,9.84
1644,2016-09-24,Clear,64.19,0.0,0.0,,3.72,9.36
1645,2016-09-25,Partly Cloudy,62.1,0.0,0.0,,3.58,10.0
1646,2016-09-26,Mostly Cloudy,65.27,0.2,0.0049,rain,5.79,10.0
1647,2016-09-27,Clear,63.97,0.0,0.0,,2.03,9.29
1648,2016-09-28,Light Rain,68.53,0.67,0.0331,rain,8.39,9.37
1649,2016-09-29,Light Rain,64.59,0.73,0.0521,rain,8.83,8.34
1650,2016-09-30,Overcast,63.81,0.02,0.0012,rain,8.56,6.44
1651,2016-10-01,Overcast,64.62,0.0,0.0,,4.03,3.93
1652,2016-10-02,Overcast,67.02,0.0,0.0,,0.96,8.81
1653,2016-10-03,Clear,62.69,0.0,0.0,,3.45,9.03
1654,2016-10-04,Clear,61.95,0.0,0.0,,5.59,10.0
1655,2016-10-05,Clear,61.12,0.0,0.0,,5.31,9.62
1656,2016-10-06,Clear,63.46,0.0,0.0,,4.22,10.0
1657,2016-10-07,Partly Cloudy,65.75,0.0,0.0,,3.76,9.85
1658,2016-10-08,Mostly Cloudy,65.96,0.0,0.0,,9.25,8.83
1659,2016-10-09,Clear,57.44,0.0,0.0,,7.16,10.0
1660,2016-10-10,Clear,50.54,0.0,0.0,,1.62,9.97
1661,2016-10-11,Clear,53.2,0.0,0.0,,2.34,9.81
1662,2016-10-12,Clear,56.22,0.0,0.0,,2.55,9.58
1663,2016-10-13,Clear,58.42,0.0,0.0,,7.2,10.0
1664,2016-10-14,Partly Cloudy,53.75,0.0,0.0,,0.72,9.89
1665,2016-10-15,Clear,54.96,0.0,0.0,,4.71,10.0
1666,2016-10-16,Partly Cloudy,63.34,0.0,0.0,,2.58,9.62
1667,2016-10-17,Clear,65.65,0.0,0.0,,2.92,9.52
1668,2016-10-18,Clear,69.43,0.0,0.0,,6.49,9.84
1669,2016-10-19,Mostly Cloudy,70.77,0.0,0.0,,2.66,9.64
1670,2016-10-20,Partly Cloudy,71.07,0.0,0.0,,8.98,10.0
1671,2016-10-21,Mostly Cloudy,59.91,0.0,0.0,,12.38,10.0
1672,2016-10-22,Clear,50.75,0.0,0.0,,12.03,10.0
1673,2016-10-23,Clear,56.71,0.0,0.0,,6.87,10.0
1674,2016-10-24,Clear,53.9,0.0,0.0,,5.0,10.0
1675,2016-10-25,Clear,47.31,0.0,0.0,,3.47,10.0
1676,2016-10-26,Partly Cloudy,50.62,0.0,0.0,,4.16,10.0
1677,2016-10-27,Partly Cloudy,60.48,0.0,0.0,,3.03,8.64
1678,2016-10-28,Clear,46.84,0.0,0.0,,1.56,10.0
1679,2016-10-29,Clear,62.94,0.0,0.0,,6.22,10.0
1680,2016-10-30,Clear,64.39,0.0,0.0,,4.29,10.0
1681,2016-10-31,Partly Cloudy,47.66,0.0,0.0,,0.76,9.63
1682,2016-11-01,Partly Cloudy,55.23,0.0,0.0,,5.14,10.0
1683,2016-11-02,Partly Cloudy,59.64,0.0,0.0,,2.47,8.77
1684,2016-11-03,Partly Cloudy,65.63,0.0,0.0,,7.72,10.0
1685,2016-11-04,Clear,48.1,0.0,0.0,,4.1,10.0
1686,2016-11-05,Clear,51.36,0.0,0.0,,3.59,10.0
1687,2016-11-06,Clear,51.6,0.0,0.0,,6.04,10.0
1688,2016-11-07,Clear,42.88,0.0,0.0,,3.63,9.05
1689,2016-11-08,Clear,54.47,0.0,0.0,,4.57,10.0
1690,2016-11-09,Clear,51.7,0.0,0.0,,12.32,10.0
1691,2016-11-10,Clear,45.46,0.0,0.0,,7.57,10.0
1692,2016-11-11,Clear,48.87,0.0,0.0,,9.84,10.0
1693,2016-11-12,Clear,37.72,0.0,0.0,,3.96,10.0
1694,2016-11-13,Clear,43.24,0.0,0.0,,5.79,10.0
1695,2016-11-14,Partly Cloudy,49.66,0.0,0.0,,4.92,10.0
1696,2016-11-15,Clear,49.17,0.0,0.0,,4.56,10.0
1697,2016-11-16,Clear,47.47,0.0,0.0,,1.79,8.33
1698,2016-11-17,Clear,44.46,0.0,0.0,,2.23,10.0
1699,2016-11-18,Clear,49.74,0.0,0.0,,3.94,9.94
1700,2016-11-19,Clear,42.41,0.0,0.0,,13.99,10.0
1701,2016-11-20,Breezy,37.38,0.0,0.0,,18.99,10.0
1702,2016-11-21,Clear,36.83,0.0,0.0,,11.62,10.0
1703,2016-11-22,Clear,36.99,0.0,0.0,,5.9,10.0
1704,2016-11-23,Clear,43.77,0.0,0.0,,2.54,10.0
1705,2016-11-24,Clear,43.31,0.0,0.0,,1.85,9.74
1706,2016-11-25,Clear,49.04,0.0,0.0,,4.74,8.09
1707,2016-11-26,Clear,40.79,0.0,0.0,,7.2,10.0
1708,2016-11-27,Clear,35.93,0.0,0.0,,1.57,10.0
1709,2016-11-28,Partly Cloudy,48.34,0.0,0.0,,6.56,10.0
1710,2016-11-29,Clear,53.15,0.0,0.0,,1.37,2.83
1711,2016-11-30,Light Rain,58.88,0.54,0.0123,rain,6.13,9.02
1712,2016-12-01,Clear,46.21,0.0,0.0,,6.07,10.0
1713,2016-12-02,Partly Cloudy,43.98,0.0,0.0,,9.59,10.0
1714,2016-12-03,Clear,41.65,0.0,0.0,,8.12,10.0
1715,2016-12-04,Light Rain,40.7,0.57,0.015,rain,9.06,8.32
1716,2016-12-05,Clear,43.85,0.0,0.0,,5.0,10.0
1717,2016-12-06,Clear,44.43,0.05,0.0019,rain,6.09,8.6
1718,2016-12-07,Clear,36.72,0.0,0.0,,3.59,8.82
1719,2016-12-08,Clear,34.06,0.0,0.0,,14.12,10.0
1720,2016-12-09,Clear,30.91,0.0,0.0,,6.33,10.0
1721,2016-12-10,Clear,28.91,0.0,0.0,,6.13,10.0
1722,2016-12-11,Clear,40.13,0.0,0.0,,7.55,10.0
1723,2016-12-12,Clear,45.31,0.0,0.0,,12.2,10.0
1724,2016-12-13,Clear,40.76,0.0,0.0,,1.39,10.0
1725,2016-12-14,Clear,38.73,0.0,0.0,,6.15,10.0
1726,2016-12-15,Clear,17.89,0.0,0.0,,9.33,10.0
1727,2016-12-16,Partly Cloudy,28.44,0.0,0.0,,9.54,10.0
1728,2016-12-17,Clear,41.53,0.0,0.0,,6.17,7.07
1729,2016-12-18,Clear,36.26,0.0,0.0,,10.01,10.0
1730,2016-12-19,Clear,30.3,0.0,0.0,,5.23,10.0
1731,2016-12-20,Clear,28.56,0.0,0.0,,3.78,10.0
1732,2016-12-21,Clear,32.77,0.0,0.0,,3.42,10.0
1733,2016-12-22,Clear,38.44,0.0,0.0,,4.98,10.0
1734,2016-12-23,Clear,40.92,0.0,0.0,,5.71,9.93
1735,2016-12-24,Partly Cloudy,36.66,0.0,0.0,,3.8,4.06
1736,2016-12-25,Clear,34.97,0.0,0.0,,3.39,8.11
1737,2016-12-26,Partly Cloudy,47.22,0.0,0.0,,9.62,9.93
1738,2016-12-27,Clear,51.61,0.0,0.0,,12.36,10.0
1739,2016-12-28,Clear,37.22,0.0,0.0,,4.82,10.0
1740,2016-12-29,Clear,36.22,0.0,0.0,,4.75,10.0
1741,2016-12-30,Partly Cloudy,45.8,0.0,0.0,,10.25,10.0
1742,2016-12-31,Clear,43.68,0.0,0.0,,4.09,10.0
1743,2017-01-01,Drizzle,40.05,0.48,0.009,rain,7.01,2.93
1744,2017-01-02,Clear,42.65,0.02,0.0012,rain,6.39,2.87
1745,2017-01-03,Clear,44.35,0.0,0.0,,2.69,3.82
1746,2017-01-04,Clear,36.64,0.0,0.0,,10.12,10.0
1747,2017-01-05,Clear,34.44,0.0,0.0,,2.21,9.87
1748,2017-01-06,Clear,27.27,0.0,0.0,,8.63,10.0
1749,2017-01-07,Clear,19.43,0.0,0.0,,11.42,10.0
1750,2017-01-08,Clear,18.3,0.0,0.0,,6.98,10.0
1751,2017-01-09,Clear,22.23,0.0,0.0,,6.84,10.0
1752,2017-01-10,Partly Cloudy,39.59,0.0,0.0,,12.46,10.0
1753,2017-01-11,Partly Cloudy,47.76,0.16,0.0041,rain,8.21,9.18
1754,2017-01-12,Clear,62.39,0.0,0.0,,9.41,10.0
1755,2017-01-13,Partly Cloudy,42.78,0.0,0.0,,7.43,10.0
1756,2017-01-14,Clear,34.98,0.0,0.0,,3.52,7.54
1757,2017-01-15,Clear,38.18,0.0,0.0,,4.29,9.85
1758,2017-01-16,Clear,40.9,0.01,0.0009,rain,4.84,9.78
1759,2017-01-17,Clear,47.43,0.0,0.0,,2.87,2.11
1760,2017-01-18,Clear,46.4,0.0,0.0,,8.35,10.0
1761,2017-01-19,Clear,37.58,0.0,0.0,,0.55,9.83
1762,2017-01-20,Clear,46.04,0.0,0.0,,4.72,3.4
1763,2017-01-21,Clear,47.3,0.0,0.0,,2.97,4.19
1764,2017-01-22,Clear,49.13,0.18,0.0045,rain,7.83,3.31
1765,2017-01-23,Clear,38.25,0.09,0.0029,rain,11.97,6.27
1766,2017-01-24,Clear,46.16,0.0,0.0,,10.96,10.0
1767,2017-01-25,Clear,46.49,0.0,0.0,,3.08,10.0
1768,2017-01-26,Clear,43.04,0.0,0.0,,10.35,10.0
1769,2017-01-27,Partly Cloudy,37.58,0.0,0.0,,14.58,10.0
1770,2017-01-28,Clear,35.59,0.0,0.0,,2.7,10.0
1771,2017-01-29,Partly Cloudy,37.81,0.0,0.0,,6.24,10.0
1772,2017-01-30,Clear,29.77,0.0,0.0,,2.37,10.0
1773,2017-01-31,Clear,37.37,0.0,0.0,,4.6,10.0
1774,2017-02-01,Partly Cloudy,44.58,0.0,0.0,,5.81,10.0
1775,2017-02-02,Clear,36.32,0.0,0.0,,8.7,10.0
1776,2017-02-03,Clear,30.96,0.0,0.0,,14.33,10.0
1777,2017-02-04,Clear,33.21,0.0,0.0,,7.69,10.0
1778,2017-02-05,Clear,38.37,0.0,0.0,,4.99,10.0
1779,2017-02-06,Clear,46.34,0.0,0.0,,9.16,10.0
1780,2017-02-07,Clear,62.35,0.0,0.0,,13.73,10.0
1781,2017-02-08,Clear,52.89,0.0,0.0,,5.98,10.0
1782,2017-02-09,Clear,26.31,0.0,0.0,,16.02,10.0
1783,2017-02-10,Clear,37.19,0.0,0.0,,7.67,10.0
1784,2017-02-11,Clear,45.58,0.0,0.0,,0.25,10.0
1785,2017-02-12,Breezy and Partly Cloudy,51.14,0.0,0.0,,23.72,10.0
1786,2017-02-13,Clear,33.5,0.0,0.0,,3.93,10.0
1787,2017-02-14,Clear,38.64,0.0,0.0,,2.57,10.0
1788,2017-02-15,Clear,37.27,0.0,0.0,,9.68,10.0
1789,2017-02-16,Clear,31.23,0.0,0.0,,6.77,10.0
1790,2017-02-17,Clear,36.51,0.0,0.0,,1.92,10.0
1791,2017-02-18,Clear,55.92,0.0,0.0,,1.99,10.0
1792,2017-02-19,Clear,54.83,0.0,0.0,,5.7,10.0
1793,2017-02-20,Clear,48.82,0.0,0.0,,7.29,10.0
1794,2017-02-21,Clear,46.79,0.0,0.0,,5.14,10.0
1795,2017-02-22,Clear,51.8,0.0,0.0,,5.47,9.37
1796,2017-02-23,Clear,58.79,0.0,0.0,,6.92,10.0
1797,2017-02-24,Clear,60.79,0.0,0.0,,7.51,10.0
1798,2017-02-25,Clear,45.65,0.0,0.0,,16.77,10.0
1799,2017-02-26,Clear,36.94,0.0,0.0,,3.39,10.0
1800,2017-02-27,Partly Cloudy,49.26,0.0,0.0,,4.24,10.0
1801,2017-02-28,Drizzle,55.59,0.26,0.0058,rain,4.89,6.67
1802,2017-03-01,Partly Cloudy,62.2,0.0,0.0,,13.99,10.0
1803,2017-03-02,Clear,39.6,0.0,0.0,,10.11,10.0
1804,2017-03-03,Clear,31.49,0.0,0.0,,11.54,10.0
1805,2017-03-04,Clear,31.79,0.0,0.0,,7.91,10.0
1806,2017-03-05,Clear,29.66,0.0,0.0,,2.22,10.0
1807,2017-03-06,Partly Cloudy,45.63,0.0,0.0,,4.25,9.45
1808,2017-03-07,Drizzle,56.86,0.22,0.0052,rain,7.34,8.89
1809,2017-03-08,Clear,52.08,0.0,0.0,,6.64,10.0
1810,2017-03-09,Partly Cloudy,53.27,0.0,0.0,,0.74,10.0
1811,2017-03-10,Clear,30.0,0.0,0.0,,9.55,10.0
1812,2017-03-11,Partly Cloudy,28.18,0.0,0.0,,9.09,10.0
1813,2017-03-12,Partly Cloudy,28.18,0.0,0.0,,9.09,10.0
1814,2017-03-13,Heavy Snow,32.15,0.77,0.0788,snow,6.95,10.0
1815,2017-03-14,Partly Cloudy,26.0,0.0,0.0,,15.51,10.0
1816,2017-03-15,Clear,28.18,0.0,0.0,,12.5,10.0
1817,2017-03-16,Clear,30.28,0.0,0.0,,4.58,10.0
1818,2017-03-17,Overcast,42.6,0.03,0.0014,rain,5.69,10.0
1819,2017-03-18,Rain,43.49,0.74,0.056,rain,7.41,8.48
